--
-- PostgreSQL database dump
--

-- Dumped from database version 15.10 (Debian 15.10-0+deb12u1)
-- Dumped by pg_dump version 15.10 (Debian 15.10-0+deb12u1)

SET statement_timeout = 0;
SET lock_timeout = 0;
SET idle_in_transaction_session_timeout = 0;
SET client_encoding = 'UTF8';
SET standard_conforming_strings = on;
SELECT pg_catalog.set_config('search_path', '', false);
SET check_function_bodies = false;
SET xmloption = content;
SET client_min_messages = warning;
SET row_security = off;

SET default_tablespace = '';

SET default_table_access_method = heap;

--
-- Name: applications_applications; Type: TABLE; Schema: public; Owner: django_user
--

CREATE TABLE public.applications_applications (
    id bigint NOT NULL,
    created_at timestamp with time zone NOT NULL,
    updated_at timestamp with time zone NOT NULL,
    cost integer NOT NULL,
    target_date date NOT NULL,
    inn_payer_id bigint NOT NULL,
    inn_recipient_id bigint NOT NULL,
    tg_user_id bigint NOT NULL,
    app_status character varying(200) NOT NULL
);


ALTER TABLE public.applications_applications OWNER TO django_user;

--
-- Name: applications_applications_id_seq; Type: SEQUENCE; Schema: public; Owner: django_user
--

ALTER TABLE public.applications_applications ALTER COLUMN id ADD GENERATED BY DEFAULT AS IDENTITY (
    SEQUENCE NAME public.applications_applications_id_seq
    START WITH 1
    INCREMENT BY 1
    NO MINVALUE
    NO MAXVALUE
    CACHE 1
);


--
-- Name: applications_companiespayer; Type: TABLE; Schema: public; Owner: django_user
--

CREATE TABLE public.applications_companiespayer (
    id bigint NOT NULL,
    created_at timestamp with time zone NOT NULL,
    updated_at timestamp with time zone NOT NULL,
    company_name_payer character varying(512),
    company_inn_payer character varying(10) NOT NULL,
    tg_user_id bigint NOT NULL
);


ALTER TABLE public.applications_companiespayer OWNER TO django_user;

--
-- Name: applications_companiespayer_id_seq; Type: SEQUENCE; Schema: public; Owner: django_user
--

ALTER TABLE public.applications_companiespayer ALTER COLUMN id ADD GENERATED BY DEFAULT AS IDENTITY (
    SEQUENCE NAME public.applications_companiespayer_id_seq
    START WITH 1
    INCREMENT BY 1
    NO MINVALUE
    NO MAXVALUE
    CACHE 1
);


--
-- Name: applications_companiesrecipient; Type: TABLE; Schema: public; Owner: django_user
--

CREATE TABLE public.applications_companiesrecipient (
    id bigint NOT NULL,
    created_at timestamp with time zone NOT NULL,
    updated_at timestamp with time zone NOT NULL,
    company_name_recipient character varying(512),
    company_inn_recipient character varying(12) NOT NULL,
    tg_user_id bigint NOT NULL
);


ALTER TABLE public.applications_companiesrecipient OWNER TO django_user;

--
-- Name: applications_companiesrecipient_id_seq; Type: SEQUENCE; Schema: public; Owner: django_user
--

ALTER TABLE public.applications_companiesrecipient ALTER COLUMN id ADD GENERATED BY DEFAULT AS IDENTITY (
    SEQUENCE NAME public.applications_companiesrecipient_id_seq
    START WITH 1
    INCREMENT BY 1
    NO MINVALUE
    NO MAXVALUE
    CACHE 1
);


--
-- Name: applications_telegamusers; Type: TABLE; Schema: public; Owner: django_user
--

CREATE TABLE public.applications_telegamusers (
    id bigint NOT NULL,
    created_at timestamp with time zone NOT NULL,
    updated_at timestamp with time zone NOT NULL,
    tg_username character varying(512) NOT NULL,
    tg_user_id text NOT NULL,
    name character varying(512),
    lastname character varying(512)
);


ALTER TABLE public.applications_telegamusers OWNER TO django_user;

--
-- Name: applications_telegamusers_id_seq; Type: SEQUENCE; Schema: public; Owner: django_user
--

ALTER TABLE public.applications_telegamusers ALTER COLUMN id ADD GENERATED BY DEFAULT AS IDENTITY (
    SEQUENCE NAME public.applications_telegamusers_id_seq
    START WITH 1
    INCREMENT BY 1
    NO MINVALUE
    NO MAXVALUE
    CACHE 1
);


--
-- Name: auth_group; Type: TABLE; Schema: public; Owner: django_user
--

CREATE TABLE public.auth_group (
    id integer NOT NULL,
    name character varying(150) NOT NULL
);


ALTER TABLE public.auth_group OWNER TO django_user;

--
-- Name: auth_group_id_seq; Type: SEQUENCE; Schema: public; Owner: django_user
--

ALTER TABLE public.auth_group ALTER COLUMN id ADD GENERATED BY DEFAULT AS IDENTITY (
    SEQUENCE NAME public.auth_group_id_seq
    START WITH 1
    INCREMENT BY 1
    NO MINVALUE
    NO MAXVALUE
    CACHE 1
);


--
-- Name: auth_group_permissions; Type: TABLE; Schema: public; Owner: django_user
--

CREATE TABLE public.auth_group_permissions (
    id bigint NOT NULL,
    group_id integer NOT NULL,
    permission_id integer NOT NULL
);


ALTER TABLE public.auth_group_permissions OWNER TO django_user;

--
-- Name: auth_group_permissions_id_seq; Type: SEQUENCE; Schema: public; Owner: django_user
--

ALTER TABLE public.auth_group_permissions ALTER COLUMN id ADD GENERATED BY DEFAULT AS IDENTITY (
    SEQUENCE NAME public.auth_group_permissions_id_seq
    START WITH 1
    INCREMENT BY 1
    NO MINVALUE
    NO MAXVALUE
    CACHE 1
);


--
-- Name: auth_permission; Type: TABLE; Schema: public; Owner: django_user
--

CREATE TABLE public.auth_permission (
    id integer NOT NULL,
    name character varying(255) NOT NULL,
    content_type_id integer NOT NULL,
    codename character varying(100) NOT NULL
);


ALTER TABLE public.auth_permission OWNER TO django_user;

--
-- Name: auth_permission_id_seq; Type: SEQUENCE; Schema: public; Owner: django_user
--

ALTER TABLE public.auth_permission ALTER COLUMN id ADD GENERATED BY DEFAULT AS IDENTITY (
    SEQUENCE NAME public.auth_permission_id_seq
    START WITH 1
    INCREMENT BY 1
    NO MINVALUE
    NO MAXVALUE
    CACHE 1
);


--
-- Name: django_admin_log; Type: TABLE; Schema: public; Owner: django_user
--

CREATE TABLE public.django_admin_log (
    id integer NOT NULL,
    action_time timestamp with time zone NOT NULL,
    object_id text,
    object_repr character varying(200) NOT NULL,
    action_flag smallint NOT NULL,
    change_message text NOT NULL,
    content_type_id integer,
    user_id bigint NOT NULL,
    CONSTRAINT django_admin_log_action_flag_check CHECK ((action_flag >= 0))
);


ALTER TABLE public.django_admin_log OWNER TO django_user;

--
-- Name: django_admin_log_id_seq; Type: SEQUENCE; Schema: public; Owner: django_user
--

ALTER TABLE public.django_admin_log ALTER COLUMN id ADD GENERATED BY DEFAULT AS IDENTITY (
    SEQUENCE NAME public.django_admin_log_id_seq
    START WITH 1
    INCREMENT BY 1
    NO MINVALUE
    NO MAXVALUE
    CACHE 1
);


--
-- Name: django_content_type; Type: TABLE; Schema: public; Owner: django_user
--

CREATE TABLE public.django_content_type (
    id integer NOT NULL,
    app_label character varying(100) NOT NULL,
    model character varying(100) NOT NULL
);


ALTER TABLE public.django_content_type OWNER TO django_user;

--
-- Name: django_content_type_id_seq; Type: SEQUENCE; Schema: public; Owner: django_user
--

ALTER TABLE public.django_content_type ALTER COLUMN id ADD GENERATED BY DEFAULT AS IDENTITY (
    SEQUENCE NAME public.django_content_type_id_seq
    START WITH 1
    INCREMENT BY 1
    NO MINVALUE
    NO MAXVALUE
    CACHE 1
);


--
-- Name: django_migrations; Type: TABLE; Schema: public; Owner: django_user
--

CREATE TABLE public.django_migrations (
    id bigint NOT NULL,
    app character varying(255) NOT NULL,
    name character varying(255) NOT NULL,
    applied timestamp with time zone NOT NULL
);


ALTER TABLE public.django_migrations OWNER TO django_user;

--
-- Name: django_migrations_id_seq; Type: SEQUENCE; Schema: public; Owner: django_user
--

ALTER TABLE public.django_migrations ALTER COLUMN id ADD GENERATED BY DEFAULT AS IDENTITY (
    SEQUENCE NAME public.django_migrations_id_seq
    START WITH 1
    INCREMENT BY 1
    NO MINVALUE
    NO MAXVALUE
    CACHE 1
);


--
-- Name: django_session; Type: TABLE; Schema: public; Owner: django_user
--

CREATE TABLE public.django_session (
    session_key character varying(40) NOT NULL,
    session_data text NOT NULL,
    expire_date timestamp with time zone NOT NULL
);


ALTER TABLE public.django_session OWNER TO django_user;

--
-- Name: users_customuser; Type: TABLE; Schema: public; Owner: django_user
--

CREATE TABLE public.users_customuser (
    id bigint NOT NULL,
    password character varying(128) NOT NULL,
    last_login timestamp with time zone,
    is_superuser boolean NOT NULL,
    email character varying(254) NOT NULL,
    is_staff boolean NOT NULL,
    is_active boolean NOT NULL,
    date_joined timestamp with time zone NOT NULL
);


ALTER TABLE public.users_customuser OWNER TO django_user;

--
-- Name: users_customuser_groups; Type: TABLE; Schema: public; Owner: django_user
--

CREATE TABLE public.users_customuser_groups (
    id bigint NOT NULL,
    customuser_id bigint NOT NULL,
    group_id integer NOT NULL
);


ALTER TABLE public.users_customuser_groups OWNER TO django_user;

--
-- Name: users_customuser_groups_id_seq; Type: SEQUENCE; Schema: public; Owner: django_user
--

ALTER TABLE public.users_customuser_groups ALTER COLUMN id ADD GENERATED BY DEFAULT AS IDENTITY (
    SEQUENCE NAME public.users_customuser_groups_id_seq
    START WITH 1
    INCREMENT BY 1
    NO MINVALUE
    NO MAXVALUE
    CACHE 1
);


--
-- Name: users_customuser_id_seq; Type: SEQUENCE; Schema: public; Owner: django_user
--

ALTER TABLE public.users_customuser ALTER COLUMN id ADD GENERATED BY DEFAULT AS IDENTITY (
    SEQUENCE NAME public.users_customuser_id_seq
    START WITH 1
    INCREMENT BY 1
    NO MINVALUE
    NO MAXVALUE
    CACHE 1
);


--
-- Name: users_customuser_user_permissions; Type: TABLE; Schema: public; Owner: django_user
--

CREATE TABLE public.users_customuser_user_permissions (
    id bigint NOT NULL,
    customuser_id bigint NOT NULL,
    permission_id integer NOT NULL
);


ALTER TABLE public.users_customuser_user_permissions OWNER TO django_user;

--
-- Name: users_customuser_user_permissions_id_seq; Type: SEQUENCE; Schema: public; Owner: django_user
--

ALTER TABLE public.users_customuser_user_permissions ALTER COLUMN id ADD GENERATED BY DEFAULT AS IDENTITY (
    SEQUENCE NAME public.users_customuser_user_permissions_id_seq
    START WITH 1
    INCREMENT BY 1
    NO MINVALUE
    NO MAXVALUE
    CACHE 1
);


--
-- Data for Name: applications_applications; Type: TABLE DATA; Schema: public; Owner: django_user
--

COPY public.applications_applications (id, created_at, updated_at, cost, target_date, inn_payer_id, inn_recipient_id, tg_user_id, app_status) FROM stdin;
6	2024-06-25 19:56:26.323225+03	2024-06-25 19:56:26.323246+03	8	2025-01-20	2	3	2	Новая
7	2024-06-27 10:20:15.885041+03	2024-06-27 10:20:15.885063+03	12	2024-10-20	2	3	2	Новая
10	2024-06-27 12:06:30.45546+03	2024-06-27 12:06:30.455482+03	709300	2024-06-28	5	4	5	Новая
14	2024-06-27 12:45:05.694+03	2024-06-27 12:45:05.694018+03	328460	2024-06-28	5	6	5	Новая
15	2024-06-27 12:46:02.16471+03	2024-06-27 12:46:02.164728+03	22375	2024-06-28	5	6	5	Новая
16	2024-06-27 12:49:23.552962+03	2024-06-27 12:49:23.552978+03	709300	2024-06-28	5	4	5	Новая
18	2024-06-27 14:26:15.885636+03	2024-06-27 14:26:15.885656+03	318400	2024-06-28	5	4	5	Новая
25	2024-07-02 14:59:31.741558+03	2024-07-02 14:59:31.741584+03	200	2025-01-12	1	4	1	Новая
26	2024-07-02 15:06:48.633818+03	2024-07-02 15:06:48.633842+03	2000	2025-01-20	1	4	1	Новая
27	2024-07-02 15:07:14.267462+03	2024-07-02 15:07:14.267483+03	200	2025-01-20	1	4	1	Новая
29	2024-07-02 16:08:50.582913+03	2024-07-02 16:08:50.582935+03	400000	2024-07-05	9	9	8	Новая
30	2024-07-05 15:04:51.640584+03	2024-07-05 15:04:51.640611+03	300000	2024-07-05	10	10	10	Новая
31	2024-07-08 08:01:19.783393+03	2024-07-08 08:01:19.78341+03	541000	2024-07-08	11	11	11	Новая
32	2024-07-09 12:08:47.398639+03	2024-07-09 12:08:47.398657+03	420000	2024-07-15	12	12	12	Новая
33	2024-07-09 15:34:09.862368+03	2024-07-09 15:34:09.862388+03	521000	2024-07-10	11	13	11	Новая
34	2024-07-09 16:52:05.553373+03	2024-07-09 16:52:05.553395+03	2000	2025-10-20	1	1	1	Новая
35	2024-07-09 16:52:18.588788+03	2024-07-09 16:52:18.588813+03	2000	2025-10-20	1	1	1	Новая
36	2024-07-09 17:41:54.749886+03	2024-07-09 17:41:54.749903+03	100000	2024-07-09	10	10	10	Новая
37	2024-07-13 17:06:21.290946+03	2024-07-13 17:06:21.290967+03	1000	2025-10-20	1	4	1	Новая
38	2024-07-13 17:06:37.930022+03	2024-07-13 17:06:37.930044+03	120	2025-10-20	1	4	1	Новая
39	2024-07-15 07:06:45.633832+03	2024-07-15 07:06:45.633855+03	333200	2024-07-15	13	6	5	Новая
40	2024-07-15 07:10:49.371585+03	2024-07-15 07:10:49.371606+03	300000	2024-07-15	13	4	5	Новая
41	2024-07-15 17:59:43.764268+03	2024-07-15 17:59:43.764289+03	500000	2024-07-16	13	4	5	Новая
42	2024-07-17 13:59:32.992948+03	2024-07-17 13:59:32.992969+03	500000	2024-07-18	14	14	13	Новая
43	2024-07-17 14:00:36.625106+03	2024-07-17 14:00:36.625142+03	300000	2024-07-18	14	15	13	Новая
44	2024-07-18 15:43:29.051764+03	2024-07-18 15:43:29.051786+03	280000	2024-07-19	16	17	15	Новая
45	2024-07-18 16:20:42.318988+03	2024-07-18 16:20:42.31901+03	500000	2024-07-19	14	18	13	Новая
46	2024-07-23 15:29:16.388017+03	2024-07-23 15:29:16.388034+03	120000	2024-07-24	16	17	15	Новая
47	2024-07-25 08:19:45.218338+03	2024-07-25 08:19:45.218354+03	200000	2024-07-26	17	19	16	Новая
48	2024-07-25 09:32:12.528848+03	2024-07-25 09:32:12.528865+03	333800	2024-07-31	13	6	5	Новая
49	2024-07-25 09:33:38.477203+03	2024-07-25 09:33:38.47722+03	475000	2024-07-31	13	4	5	Новая
50	2024-07-29 14:30:46.713399+03	2024-07-29 14:30:46.713421+03	250000	2024-07-29	10	10	10	Новая
51	2024-07-31 12:28:56.469897+03	2024-07-31 12:28:56.469918+03	250000	2024-07-31	10	10	10	Новая
52	2024-07-31 20:54:32.38938+03	2024-07-31 20:54:32.389395+03	2000000	2024-08-20	15	16	14	Новая
53	2024-08-01 10:56:11.579823+03	2024-08-01 10:56:11.579844+03	300000	2024-08-02	16	17	15	Новая
54	2024-08-01 11:48:07.661655+03	2024-08-01 11:48:07.66167+03	160000	2024-08-05	18	20	17	Новая
55	2024-08-01 16:17:24.205614+03	2024-08-01 16:17:24.20563+03	500000	2024-08-02	13	4	5	Новая
56	2024-08-05 14:31:28.926694+03	2024-08-05 14:31:28.926715+03	200000	2024-08-05	10	10	10	Новая
57	2024-08-05 14:32:04.865478+03	2024-08-05 14:32:04.865496+03	200000	2024-08-05	10	10	10	Новая
58	2024-08-05 14:32:41.120235+03	2024-08-05 14:32:41.120252+03	100000	2024-08-05	10	10	10	Новая
59	2024-08-05 17:59:25.996088+03	2024-08-05 17:59:25.99611+03	341000	2024-08-08	18	20	17	Новая
60	2024-08-06 12:21:40.822858+03	2024-08-06 12:21:40.822881+03	250000	2024-08-07	17	19	16	Новая
61	2024-08-06 13:05:17.487234+03	2024-08-06 13:05:17.487252+03	120000	2024-08-08	16	17	15	Новая
62	2024-08-09 16:45:17.577158+03	2024-08-09 16:45:17.57718+03	760000	2024-08-12	14	21	13	Новая
63	2024-08-12 08:22:00.670369+03	2024-08-12 08:22:00.670386+03	120000	2024-08-12	19	22	3	Новая
64	2024-08-12 12:19:40.386227+03	2024-08-12 12:19:40.386248+03	397000	2024-08-14	13	6	18	Новая
65	2024-08-12 13:12:56.758865+03	2024-08-12 13:12:56.758882+03	200000	2024-08-12	20	10	10	Новая
66	2024-08-12 13:13:43.739756+03	2024-08-12 13:13:43.739773+03	200000	2024-08-12	20	10	10	Новая
67	2024-08-12 19:00:22.107948+03	2024-08-12 19:00:22.10797+03	800000	2024-08-14	13	4	18	Новая
68	2024-08-13 12:02:39.288415+03	2024-08-13 12:02:39.288435+03	580000	2024-08-20	12	12	12	Новая
69	2024-08-14 09:59:23.117586+03	2024-08-14 09:59:23.117608+03	598000	2024-08-15	19	22	3	Новая
70	2024-08-14 13:01:30.969839+03	2024-08-14 13:01:30.969861+03	150000	2024-08-14	20	10	10	Новая
71	2024-08-14 14:04:46.657787+03	2024-08-14 14:04:46.657816+03	600000	2024-08-16	21	23	19	Новая
72	2024-08-15 14:52:49.414997+03	2024-08-15 14:52:49.415015+03	700000	2024-08-19	22	24	20	Новая
73	2024-08-19 11:38:51.056401+03	2024-08-19 11:38:51.056424+03	150000	2024-08-19	17	19	16	Новая
74	2024-08-23 12:00:11.446439+03	2024-08-23 12:00:11.446461+03	100000	2025-08-27	16	17	15	Новая
75	2024-08-23 14:11:12.505071+03	2024-08-23 14:11:12.505093+03	100000	2024-08-27	23	25	21	Новая
76	2024-08-26 07:16:38.186523+03	2024-08-26 07:16:38.186541+03	185000	2024-08-26	17	19	16	Новая
77	2024-08-26 11:57:07.566369+03	2024-08-26 11:57:07.566386+03	200000	2024-08-26	20	10	10	Новая
78	2024-08-26 11:57:36.84294+03	2024-08-26 11:57:36.842958+03	200000	2024-08-26	20	10	10	Новая
79	2024-08-28 13:33:26.806492+03	2024-08-28 13:33:26.806515+03	333700	2024-08-30	13	6	5	Новая
80	2024-08-28 13:34:44.162022+03	2024-08-28 13:34:44.162043+03	660500	2024-08-30	13	4	5	Новая
81	2024-08-30 08:05:30.042287+03	2024-08-30 08:05:30.042306+03	330000	2024-09-04	16	17	15	Новая
82	2024-09-02 15:07:20.444057+03	2024-09-02 15:07:20.444075+03	1000000	2024-09-08	11	11	11	Новая
83	2024-09-02 15:08:05.100418+03	2024-09-02 15:08:05.100434+03	1000000	2024-09-10	11	13	11	Новая
84	2024-09-02 15:50:25.730378+03	2024-09-02 15:50:25.730396+03	180000	2024-09-05	18	20	17	Новая
85	2024-09-02 16:00:46.522985+03	2024-09-02 16:00:46.523003+03	200000	2024-09-02	20	10	10	Новая
86	2024-09-02 16:49:35.875112+03	2024-09-02 16:49:35.875133+03	1100000	2024-09-04	14	26	13	Новая
87	2024-09-03 10:13:53.671433+03	2024-09-03 10:13:53.671454+03	400000	2024-09-03	13	4	5	Новая
88	2024-09-04 15:28:26.249889+03	2024-09-04 15:28:26.249913+03	1200000	2024-09-06	14	14	13	Новая
89	2024-09-04 15:29:01.066085+03	2024-09-04 15:29:01.066107+03	1000000	2024-09-06	14	18	13	Новая
90	2024-09-05 09:41:22.210051+03	2024-09-05 09:41:22.210073+03	100000	2024-09-05	13	6	5	Новая
91	2024-09-05 10:41:37.726765+03	2024-09-05 10:41:37.726783+03	200000	2024-09-05	20	10	10	Новая
92	2024-09-05 10:42:21.185826+03	2024-09-05 10:42:21.185843+03	150000	2024-09-05	20	10	10	Новая
93	2024-09-05 11:49:15.466888+03	2024-09-05 11:49:15.466906+03	285000	2024-09-05	17	19	16	Новая
94	2024-09-05 15:33:09.154678+03	2024-09-05 15:33:09.154696+03	400000	2024-09-10	9	9	8	Новая
95	2024-09-06 09:23:22.719079+03	2024-09-06 09:23:22.719098+03	800000	2024-09-09	19	22	3	Новая
96	2024-09-06 20:25:47.227254+03	2024-09-06 20:25:47.227276+03	300000	2024-09-10	18	20	17	Новая
97	2024-09-10 11:03:55.029047+03	2024-09-10 11:03:55.029069+03	250000	2024-09-10	10	10	10	Новая
98	2024-09-10 15:03:14.022373+03	2024-09-10 15:03:14.02239+03	173040	2024-09-11	23	25	21	Новая
100	2024-09-13 09:14:34.694028+03	2024-09-13 09:14:34.694052+03	980000	2024-09-13	13	4	5	Новая
101	2024-09-13 12:48:48.438768+03	2024-09-13 12:48:48.438787+03	300000	2024-09-18	16	17	15	Новая
102	2024-09-24 17:40:13.035852+03	2024-09-24 17:40:13.035878+03	200000	2024-09-24	10	10	10	Новая
103	2024-09-24 17:40:43.137848+03	2024-09-24 17:40:43.13787+03	90000	2024-09-24	10	10	10	Новая
104	2024-09-25 16:24:26.868777+03	2024-09-25 16:24:26.868794+03	950000	2024-09-30	22	24	20	Новая
105	2024-09-26 07:47:29.949853+03	2024-09-26 07:47:29.949875+03	350000	2024-09-26	17	19	16	Новая
106	2024-09-26 13:23:01.085922+03	2024-09-26 13:23:01.085944+03	150000	2024-09-26	13	6	5	Новая
107	2024-09-27 08:13:20.468098+03	2024-09-27 08:13:20.468119+03	90000	2024-10-02	18	20	17	Новая
108	2024-09-27 08:18:07.623262+03	2024-09-27 08:18:07.623284+03	160000	2024-10-04	18	20	17	Новая
109	2024-09-30 08:36:42.673669+03	2024-09-30 08:36:42.67369+03	139200	2024-09-30	13	6	5	Новая
5	2024-06-25 19:55:00.302336+03	2024-10-23 16:24:31.500954+03	8	2024-10-20	2	2	2	Выполнена
24	2024-07-02 14:59:16.844055+03	2024-10-23 16:48:27.594369+03	200	2025-01-12	1	1	1	В работе
28	2024-07-02 15:45:12.553598+03	2024-10-23 18:39:30.73482+03	2000	2025-10-16	8	8	1	Новая
99	2024-09-13 09:12:57.256149+03	2024-10-29 19:43:06.83347+03	300000	2024-09-13	13	6	5	Новая
110	2024-09-30 08:38:17.907351+03	2024-09-30 08:38:17.907379+03	345000	2024-09-30	13	4	5	Новая
111	2024-09-30 13:22:16.662578+03	2024-09-30 13:22:16.662596+03	250000	2024-09-30	10	10	10	Новая
112	2024-10-01 15:20:53.213396+03	2024-10-01 15:20:53.213415+03	750000	2024-10-03	14	14	13	Новая
113	2024-10-02 14:23:35.430837+03	2024-10-02 14:23:35.430858+03	1300000	2024-10-03	24	27	24	Новая
114	2024-10-03 09:57:31.204255+03	2024-10-03 09:57:31.204278+03	150000	2024-10-03	10	10	10	Новая
115	2024-10-03 15:13:42.636524+03	2024-10-03 15:13:42.636541+03	245000	2024-10-04	16	17	15	Новая
116	2024-10-03 15:53:08.452743+03	2024-10-03 15:53:08.452765+03	296000	2024-10-04	23	25	21	Новая
117	2024-10-04 09:35:34.634307+03	2024-10-04 09:35:34.634325+03	200000	2024-10-04	10	10	10	Новая
118	2024-10-07 12:02:55.29089+03	2024-10-07 12:02:55.290911+03	800000	2024-10-10	25	27	24	Новая
119	2024-10-07 13:22:37.464923+03	2024-10-07 13:22:37.464944+03	296000	2024-10-08	14	15	13	Новая
120	2024-10-07 15:18:11.318781+03	2024-10-07 15:18:11.318803+03	200000	2024-10-07	10	10	10	Новая
121	2024-10-07 15:18:38.977714+03	2024-10-07 15:18:38.977735+03	150000	2024-10-07	10	10	10	Новая
122	2024-10-07 15:19:08.879629+03	2024-10-07 15:19:08.879652+03	200000	2024-10-07	20	10	10	Новая
123	2024-10-07 15:19:39.822909+03	2024-10-07 15:19:39.822929+03	150000	2024-10-07	20	10	10	Новая
124	2024-10-07 18:16:39.607937+03	2024-10-07 18:16:39.607954+03	126400	2024-10-07	26	28	26	Новая
125	2024-10-08 07:36:19.639283+03	2024-10-08 07:36:19.639305+03	500000	2024-10-08	17	19	16	Новая
126	2024-10-08 13:49:52.491028+03	2024-10-08 13:49:52.491045+03	1000000	2024-10-10	14	18	13	Новая
127	2024-10-09 11:47:39.314666+03	2024-10-09 11:47:39.314688+03	150000	2024-10-09	10	10	10	Новая
128	2024-10-09 12:03:42.910516+03	2024-10-09 12:03:42.910534+03	980000	2024-10-11	14	21	13	Новая
129	2024-10-09 16:25:07.088546+03	2024-10-09 16:25:07.088568+03	200000	2024-10-10	27	30	26	Новая
130	2024-10-09 20:02:49.904068+03	2024-10-09 20:02:49.90409+03	247000	2024-10-11	18	20	17	Новая
131	2024-10-11 11:50:39.501078+03	2024-10-11 11:50:39.501101+03	150000	2024-10-11	10	10	10	Новая
132	2024-10-11 12:49:09.210506+03	2024-10-11 12:49:09.210527+03	300000	2024-10-15	27	30	26	Новая
133	2024-10-15 09:31:24.478088+03	2024-10-15 09:31:24.478105+03	665000	2024-10-15	13	4	5	Новая
134	2024-10-15 10:20:55.825649+03	2024-10-15 10:20:55.825671+03	500000	2024-10-16	28	31	27	Новая
135	2024-10-15 10:23:05.497508+03	2024-10-15 10:23:05.497531+03	500000	2024-10-17	9	9	8	Новая
136	2024-10-15 10:36:56.055967+03	2024-10-15 10:38:04.515783+03	123091	2024-10-20	2	3	2	Счёт в оплате
137	2024-10-15 16:39:27.215447+03	2024-10-15 16:39:27.215463+03	171000	2024-10-17	14	32	13	Новая
138	2024-10-15 18:54:34.936706+03	2024-10-15 18:54:34.936728+03	250000	2024-10-15	10	10	10	Новая
139	2024-10-15 18:54:57.82831+03	2024-10-15 18:54:57.828333+03	250000	2024-10-15	10	10	10	Новая
140	2024-10-15 18:55:21.498519+03	2024-10-15 18:55:21.498541+03	250000	2024-10-15	10	10	10	Новая
141	2024-10-15 18:55:48.89118+03	2024-10-15 18:55:48.891203+03	250000	2024-10-15	10	10	10	Новая
142	2024-10-16 16:09:19.267658+03	2024-10-16 16:09:19.267679+03	2000	2025-10-20	1	4	1	Новая
143	2024-10-17 23:55:59.659442+03	2024-10-17 23:55:59.659464+03	320000	2024-10-19	16	17	15	Новая
1	2024-06-25 14:24:03.89902+03	2024-10-29 19:33:43.676566+03	2200	2025-04-24	1	1	1	В работе
146	2024-10-22 11:05:00.935023+03	2024-10-22 11:05:00.935044+03	200000	2024-10-22	17	19	16	Новая
147	2024-10-22 19:57:55.342555+03	2024-10-22 19:57:55.342578+03	2000000	2024-12-20	8	4	1	Новая
167	2024-11-01 19:36:27.883274+03	2024-11-05 23:24:15.510956+03	350000	2024-11-04	16	17	15	Выполнена
166	2024-10-29 16:11:01.63558+03	2024-11-05 23:39:15.936536+03	1000000	2024-10-31	14	18	13	Выполнена
145	2024-10-21 18:36:36.179764+03	2024-10-23 16:25:00.500946+03	45	2024-10-20	2	3	2	Выполнена
144	2024-10-21 11:02:08.550507+03	2024-10-23 16:25:26.869316+03	350000	2024-10-23	11	11	11	Выполнена
165	2024-10-29 16:10:36.28905+03	2024-11-05 23:39:16.487526+03	390000	2024-10-31	14	15	13	Выполнена
164	2024-10-29 16:08:38.976339+03	2024-11-05 23:39:16.9813+03	1200000	2024-10-31	14	14	13	Выполнена
163	2024-10-29 16:05:43.821379+03	2024-11-05 23:39:17.46197+03	970000	2024-10-31	14	26	13	Выполнена
154	2024-10-28 11:19:09.528095+03	2024-11-05 23:40:20.440466+03	1000000	2024-10-30	30	33	28	Выполнена
23	2024-07-02 14:55:09.360822+03	2024-10-23 16:50:59.429216+03	200	2025-12-27	1	1	1	Выполнена
148	2024-10-23 16:26:00.677944+03	2024-10-23 16:52:37.722988+03	450500	2024-10-31	2	3	2	Новая
162	2024-10-29 16:04:58.594476+03	2024-11-05 23:40:15.923112+03	1200000	2024-10-31	14	21	13	Выполнена
149	2024-10-23 18:16:33.313751+03	2024-10-23 18:40:32.267206+03	200	2024-10-10	1	1	1	В работе
150	2024-10-23 18:40:42.435096+03	2024-10-23 18:41:28.511166+03	200	2024-10-10	1	1	1	В работе
151	2024-10-23 20:13:28.720049+03	2024-10-23 20:13:28.720068+03	65000	2024-10-24	29	1	2	Новая
161	2024-10-29 08:06:07.442112+03	2024-11-05 23:40:16.545492+03	100000	2024-10-29	17	19	16	Выполнена
160	2024-10-28 19:35:33.779811+03	2024-11-05 23:40:17.193721+03	500000	2024-10-30	28	31	27	Выполнена
159	2024-10-28 17:10:15.444187+03	2024-11-05 23:40:17.803191+03	500000	2025-10-29	9	9	8	Выполнена
158	2024-10-28 15:54:19.55435+03	2024-11-05 23:40:18.293541+03	150000	2024-10-28	10	10	10	Выполнена
157	2024-10-28 15:52:54.690319+03	2024-11-05 23:40:18.782143+03	150000	2024-10-28	10	10	10	Выполнена
156	2024-10-28 14:17:42.366789+03	2024-11-05 23:40:19.313534+03	326500	2024-10-31	18	20	17	Выполнена
155	2024-10-28 13:41:34.174775+03	2024-11-05 23:40:19.853778+03	1300000	2024-10-30	22	24	20	Выполнена
153	2024-10-28 08:09:12.889428+03	2024-11-05 23:41:15.914677+03	150000	2024-10-28	16	17	15	Выполнена
170	2024-11-06 17:57:11.229405+03	2024-11-14 19:33:22.493624+03	200000	2024-11-06	20	10	10	Выполнена
172	2024-11-06 17:58:10.736599+03	2024-11-14 19:33:23.001938+03	200000	2024-11-06	20	10	10	Выполнена
173	2024-11-07 09:30:27.662858+03	2024-11-14 19:33:23.638426+03	400000	2024-11-07	17	19	16	Выполнена
168	2024-11-02 20:19:08.635482+03	2024-11-07 13:20:50.844775+03	306000	2024-11-06	23	25	21	Выполнена
174	2024-11-11 10:32:03.633638+03	2024-11-11 11:18:29.048584+03	572000	2024-11-15	18	20	17	В работе
175	2024-11-12 09:51:29.26822+03	2024-11-13 10:04:12.580617+03	380789	2024-11-15	12	34	12	Выполнена
169	2024-11-06 06:42:57.655574+03	2024-11-14 19:32:22.864163+03	500000	2024-11-06	28	31	27	Выполнена
181	2024-11-14 12:41:11.897395+03	2024-11-14 12:41:11.897415+03	200000	2024-11-14	20	10	10	Новая
182	2024-11-15 15:01:27.908609+03	2024-11-19 20:32:30.296289+03	1200000	2024-11-18	14	21	13	Выполнена
180	2024-11-13 11:39:20.068112+03	2024-11-14 19:29:22.936582+03	150000	2024-11-14	31	22	3	В работе
178	2024-11-13 01:19:26.767289+03	2024-11-14 19:32:22.301996+03	350000	2024-11-15	11	11	11	Выполнена
171	2024-11-06 17:57:44.820469+03	2024-11-14 19:32:23.360966+03	200000	2024-11-06	20	10	10	Выполнена
184	2024-11-17 12:15:57.644111+03	2024-11-19 20:32:30.830535+03	500000	2024-11-19	28	31	27	Выполнена
187	2024-11-20 14:00:55.17079+03	2024-11-20 14:00:55.170811+03	100000	2024-11-20	17	19	16	Новая
179	2024-11-13 11:27:13.121015+03	2024-11-19 20:32:29.689731+03	2500000	2024-11-27	30	33	28	Выполнена
186	2024-11-19 19:22:54.744588+03	2024-11-21 15:09:08.287551+03	600000	2024-11-22	18	20	17	Новая
188	2024-11-20 14:55:19.296869+03	2024-11-20 14:55:19.296887+03	200000	2024-11-20	20	10	10	Новая
189	2024-11-21 10:02:22.88661+03	2024-11-21 10:02:22.886631+03	200000	2024-11-21	20	10	10	Новая
190	2024-11-21 10:02:47.02412+03	2024-11-21 10:02:47.024147+03	200000	2024-11-21	20	10	10	Новая
191	2024-11-21 10:03:11.066672+03	2024-11-21 10:03:11.066695+03	200000	2024-11-21	20	10	10	Новая
185	2024-11-18 14:55:10.314951+03	2024-11-21 14:52:08.653668+03	1000000	2025-11-23	9	9	8	Выполнена
192	2024-11-21 14:56:49.904259+03	2024-11-21 14:56:49.904277+03	485000	2024-11-21	13	4	5	Новая
193	2024-11-21 14:57:28.076961+03	2024-11-21 14:57:28.076977+03	202584	2024-11-21	13	35	5	Новая
195	2024-11-22 21:26:58.248063+03	2024-11-25 14:56:56.101778+03	500000	2024-11-26	28	31	27	В работе
194	2024-11-21 17:20:47.202617+03	2024-11-25 18:48:56.581061+03	100000	2024-11-22	16	17	15	Новая
197	2024-11-26 09:54:32.213665+03	2024-11-26 09:54:32.213693+03	150000	2024-11-26	13	4	5	Новая
200	2024-11-26 16:08:56.473921+03	2024-11-26 16:08:56.473957+03	298000	2024-11-27	13	4	5	Новая
201	2024-11-27 13:29:06.381661+03	2024-11-27 17:00:40.643729+03	298000	2024-11-27	32	36	2	Новая
198	2024-11-26 10:59:09.334183+03	2024-11-27 17:01:39.945632+03	150000	2024-11-26	27	30	26	Новая
199	2024-11-26 12:13:45.60279+03	2024-11-27 17:12:40.33328+03	397600	2024-11-26	13	4	5	Новая
202	2024-11-27 19:31:18.420271+03	2024-11-27 19:31:18.420302+03	600000	2024-11-30	18	20	17	Новая
203	2024-11-29 18:36:03.070598+03	2024-11-29 18:36:03.070634+03	390000	2024-12-04	16	17	15	Новая
\.


--
-- Data for Name: applications_companiespayer; Type: TABLE DATA; Schema: public; Owner: django_user
--

COPY public.applications_companiespayer (id, created_at, updated_at, company_name_payer, company_inn_payer, tg_user_id) FROM stdin;
1	2024-06-25 14:21:11.111082+03	2024-06-25 14:21:11.111104+03	ООО "ФПБ ГАРДИУМ"	7721854322	1
2	2024-06-25 15:41:17.904084+03	2024-06-25 15:41:17.904106+03	ООО "ТНК"	2310175491	2
5	2024-06-27 12:03:59.574247+03	2024-06-27 12:03:59.57427+03	ООО 'КОМПЛИЦЕРТЕ ТЕХ'	7718952930	5
8	2024-07-02 15:44:53.145318+03	2024-07-02 15:44:53.145339+03	\N	1234567890	1
9	2024-07-02 16:06:22.116317+03	2024-07-02 16:06:22.116335+03	ООО "БУМ ИНЖИНИРИНГ"	9710049198	8
10	2024-07-05 15:03:59.546258+03	2024-07-05 15:03:59.546279+03	ООО "ПРОФЕССИОНАЛЬНЫЕ ХОЛОДИЛЬНЫЕ РЕШЕНИЯ"	9718188612	10
11	2024-07-05 18:08:56.243174+03	2024-07-05 18:08:56.243192+03	ООО "СКАЙЭНЕРГО"	4025414956	11
12	2024-07-09 12:07:26.460226+03	2024-07-09 12:07:26.460251+03	ООО "А-К-С"	7806292344	12
13	2024-07-11 09:40:21.202385+03	2024-07-11 09:40:21.202408+03	ООО "КТ ГРУПП"	9710069518	5
14	2024-07-17 13:59:08.743156+03	2024-07-17 13:59:08.743174+03	ООО "ПЛАНЕТА ТВОРЧЕСТВА"	7728375424	13
15	2024-07-17 14:05:47.707122+03	2024-07-17 14:05:47.707145+03	ООО "ЭКОЛАБОРАТОРИЯ"	7722338698	14
16	2024-07-18 15:42:38.454008+03	2024-07-18 15:42:38.45403+03	ООО "СТИЛТ-ИТИЛ"	6320069267	15
17	2024-07-25 08:13:38.760751+03	2024-07-25 08:13:38.760768+03	ООО "ЕЧИПС ИМПОРТ"	7449130047	16
18	2024-08-01 11:40:45.302714+03	2024-08-01 11:40:45.30273+03	ООО "ТЕХНОВИК"	7705914260	17
19	2024-08-12 08:20:51.663998+03	2024-08-12 08:20:51.664019+03	ООО СЗ "РАЗУМ НА ЗВЕЗДНОЙ"	3000009640	3
20	2024-08-12 13:12:22.336502+03	2024-08-12 13:12:22.336519+03	ООО "ГОЛДХОЛОД"	7704349908	10
21	2024-08-14 14:03:24.711284+03	2024-08-14 14:03:24.711311+03	ООО "СОФТМЕДИАЛАБ"	6658472405	19
22	2024-08-15 14:52:04.272312+03	2024-08-15 14:52:04.272329+03	ООО "НДМ ТРЕЙД"	7714939790	20
23	2024-08-23 14:02:40.900461+03	2024-08-23 14:02:40.900484+03	ООО "ПОЗИТИВ"	5034054412	21
24	2024-10-02 13:37:35.472525+03	2024-10-02 13:37:35.472545+03	ООО "ИНКАТО"	7802384749	24
25	2024-10-07 12:02:11.554635+03	2024-10-07 12:02:11.554656+03	ООО "МАВИТЕК"	7802761771	24
26	2024-10-07 18:15:48.18163+03	2024-10-07 18:15:48.181647+03	ООО "ДИЗАЙНСОАП"	7713661743	26
27	2024-10-09 16:24:29.394397+03	2024-10-09 16:24:29.394419+03	ООО "ГРИНКОСРИТЕЙЛ"	9709100361	26
28	2024-10-15 10:20:22.523132+03	2024-10-15 10:20:22.523151+03	ООО "АЛЬТИКА М"	5024072275	27
29	2024-10-23 20:12:40.573143+03	2024-10-23 20:12:40.573164+03	ООО "ЮРАЙТ"	7721787940	2
30	2024-10-28 11:17:54.103397+03	2024-10-28 11:17:54.103418+03	ООО "ЦИТ БАРС"	1809905140	28
31	2024-11-13 11:39:02.476328+03	2024-11-13 11:39:02.476346+03	ООО СЗ "РАЗУМ-БОЕВАЯ"	3000006520	3
32	2024-11-27 13:27:32.823142+03	2024-11-27 13:27:32.823172+03	ООО "ПРАВОВЕСТ АУДИТ"	7714608510	2
\.


--
-- Data for Name: applications_companiesrecipient; Type: TABLE DATA; Schema: public; Owner: django_user
--

COPY public.applications_companiesrecipient (id, created_at, updated_at, company_name_recipient, company_inn_recipient, tg_user_id) FROM stdin;
1	2024-06-25 14:21:23.779399+03	2024-06-25 14:21:23.779416+03	ИП Бердинских Борис Александрович	772210113110	1
2	2024-06-25 15:41:41.429801+03	2024-06-25 15:41:41.42982+03	ИП Голубинский Александр Вадимович	861200096950	2
3	2024-06-25 19:56:24.082396+03	2024-06-25 19:56:24.082416+03	ИП Абрамов Александр Юрьевич	503228672626	2
4	2024-06-27 10:53:41.672167+03	2024-06-27 10:53:41.672184+03	ИП Путин Андрей Иванович	772352018416	1
6	2024-06-27 12:43:41.134842+03	2024-06-27 12:43:41.134865+03	ИП Копкин Антон Владиславович	632123736008	5
8	2024-07-02 15:45:03.690932+03	2024-07-02 15:45:03.690959+03	\N	123456789123	1
9	2024-07-02 16:07:54.602136+03	2024-07-02 16:07:54.602156+03	ИП Антоненко Игорь Николаевич	672502138776	8
10	2024-07-05 15:04:26.734945+03	2024-07-05 15:04:26.734975+03	ИП Шестаков Тимофей Владимирович	772776248886	10
11	2024-07-08 07:58:35.214549+03	2024-07-08 07:58:35.21457+03	ИП Колотовкин Александр Владимирович	402505955254	11
12	2024-07-09 12:08:06.854116+03	2024-07-09 12:08:06.854138+03	ИП Иванов Алексей Игоревич	780624246196	12
13	2024-07-09 15:33:16.9389+03	2024-07-09 15:33:16.938921+03	ИП Гуров Олег Игоревич	402501889530	11
14	2024-07-17 13:59:17.095106+03	2024-07-17 13:59:17.095124+03	ИП Грачев Максим Павлович	440124578778	13
15	2024-07-17 14:00:26.427007+03	2024-07-17 14:00:26.427026+03	ИП Двоеглазов Валентин Викторович	773377855619	13
16	2024-07-17 14:06:17.602715+03	2024-07-17 14:06:17.602737+03	ИП Барановская Ольга Николаевна	503616268318	14
17	2024-07-18 15:43:04.479652+03	2024-07-18 15:43:04.479676+03	ИП Лазарева Галина Васильевна	632138589500	15
18	2024-07-18 16:20:32.061979+03	2024-07-18 16:20:32.062+03	ИП Кузьмин Александр Викторович	772852795080	13
19	2024-07-25 08:14:49.144051+03	2024-07-25 08:14:49.144066+03	ИП Мотов Вениамин Валерьевич	744717581008	16
20	2024-08-01 11:44:43.301077+03	2024-08-01 11:44:43.301094+03	ИП Соколов Константин Юрьевич	501208526408	17
21	2024-08-09 16:44:37.360921+03	2024-08-09 16:44:37.360939+03	ИП Носко Анна Владимировна	772864127383	13
22	2024-08-12 08:21:21.272599+03	2024-08-12 08:21:21.272621+03	ИП Чуканов Юрий Михайлович	301656447681	3
23	2024-08-14 14:04:02.607113+03	2024-08-14 14:04:02.607136+03	ИП Хватов Георгий Викторович	667007988281	19
24	2024-08-15 14:52:12.019484+03	2024-08-15 14:52:12.019502+03	ИП Юкаш Екатерина Андреевна	635704494336	20
25	2024-08-23 14:10:24.468103+03	2024-08-23 14:10:24.468124+03	ИП Кравченко Ольга Александровна	246108946557	21
26	2024-09-02 16:49:13.821019+03	2024-09-02 16:49:13.821037+03	ИП Артамонова Алина Анатольевна	711607502489	13
27	2024-10-02 13:38:13.137411+03	2024-10-02 13:38:13.137429+03	ИП Семенов Владимир Владимирович	781313092964	24
28	2024-10-07 18:16:08.065317+03	2024-10-07 18:16:08.065333+03	ИП Умеров Сеит-Осман Сеит-Амзаевич	910905272393	26
29	2024-10-08 15:22:48.766908+03	2024-10-08 15:22:48.766932+03	ИП Самарин Василий Дмитриевич	782516473149	5
30	2024-10-09 16:24:47.168949+03	2024-10-09 16:24:47.168971+03	ИП Малев Дмитрий Михайлович	500112992646	26
31	2024-10-15 10:20:37.430876+03	2024-10-15 10:20:37.430895+03	ИП Яновский Олег Анатольевич	504309839642	27
32	2024-10-15 16:39:14.700754+03	2024-10-15 16:39:14.700772+03	ИП Тугушев Артур Ренатович	504109272885	13
33	2024-10-28 11:18:08.559661+03	2024-10-28 11:18:08.559685+03	ИП Корепанов Александр Валерьевич	183100076563	28
34	2024-11-12 09:50:56.36008+03	2024-11-12 09:50:56.360097+03	ИП Хазов Артём Александрович	530203673572	12
35	2024-11-21 14:57:11.123545+03	2024-11-21 14:57:11.123562+03	ИП Денисов Александр Владимирович	631917333520	5
36	2024-11-27 13:28:32.793315+03	2024-11-27 13:28:32.793343+03	ИП Подладчикова Маргарита Михайловна	504103098912	2
\.


--
-- Data for Name: applications_telegamusers; Type: TABLE DATA; Schema: public; Owner: django_user
--

COPY public.applications_telegamusers (id, created_at, updated_at, tg_username, tg_user_id, name, lastname) FROM stdin;
1	2024-06-25 14:20:15.505994+03	2024-06-25 14:20:15.506014+03	def_misha_work	234783286	Misha	\N
2	2024-06-25 15:39:25.677625+03	2024-06-25 15:39:25.677648+03	LegalTechHacker	436440551	Boris	\N
3	2024-06-26 20:07:27.688589+03	2024-06-26 20:07:27.688609+03	abinaev	1382007788	Артур	Абинаев
5	2024-06-27 12:00:36.951865+03	2024-06-27 12:00:36.951884+03	@martyanova_a	1449061560	\N	\N
8	2024-07-02 14:09:09.798434+03	2024-07-02 14:09:09.798455+03	igor_nik87	246841593	Игорь	Антоненко
9	2024-07-02 14:43:31.430221+03	2024-07-02 14:43:31.43024+03	@timofeyshestakov	328836847	Тимофей	Шестаков
10	2024-07-03 14:26:21.250117+03	2024-07-03 14:26:21.250141+03	vass1178	684107530	🖐🏻	\N
11	2024-07-05 18:08:28.784554+03	2024-07-05 18:08:28.784572+03	AKolotovkin	478768113	Александр	\N
12	2024-07-08 16:46:14.884509+03	2024-07-08 16:46:14.884526+03	ivlexx	491781790	Alexey	Ivanov
13	2024-07-13 17:05:28.844595+03	2024-07-13 17:05:28.844613+03	lemon_di004	6013446867	Dmitry	\N
14	2024-07-17 12:25:30.00282+03	2024-07-17 12:25:42.580332+03	leila	5041287187	Лейла	\N
15	2024-07-18 15:42:21.242058+03	2024-07-18 15:42:21.24208+03	LLIuza	5406835	Галина Лазарева	@lliuza
16	2024-07-24 12:43:58.850744+03	2024-07-24 12:43:58.850768+03	motovvv	222561340	Veniamin	Motov
17	2024-08-01 11:39:56.829689+03	2024-08-01 11:39:56.829707+03	Konstantin_Sokolov_1	142256253	Константин	Соколов
18	2024-08-12 12:14:38.835113+03	2024-08-12 12:14:38.835131+03	LissaGofman	624166568	Ирина	\N
19	2024-08-14 09:47:17.332677+03	2024-08-14 09:47:17.3327+03	GKhvatov	72029436	Георгий Хватов	\N
20	2024-08-15 14:51:57.359128+03	2024-08-15 14:51:57.359147+03	iukash	397943112	Ekaterina	Iukash
21	2024-08-23 14:02:21.147016+03	2024-08-23 14:02:21.14704+03	KeshaEX	234273354	Георгий	\N
22	2024-08-26 16:01:23.84235+03	2024-08-26 16:01:23.842372+03	kushmilovrn	127298986	Roman	Kushmilov
23	2024-09-18 10:12:31.778047+03	2024-09-18 10:12:31.778064+03	anna_chira	512330487	Анна	Чиркова
24	2024-10-02 13:36:52.748017+03	2024-10-02 13:36:52.74804+03	Vovanjo	86476858	Vladimir	\N
25	2024-10-07 18:09:39.489129+03	2024-10-07 18:09:39.489153+03	cfa069	556696165	CFA	Greg
26	2024-10-07 18:13:28.733394+03	2024-10-07 18:13:28.733411+03	Nchurakova	484285339	Анастасия	\N
27	2024-10-15 10:19:56.958531+03	2024-10-15 10:19:56.95855+03	oleyan	29077570	Oleg	Yanovskiy
28	2024-10-28 11:11:13.077295+03	2024-10-28 11:11:13.077319+03	AleksandrKorepanov	279789149	Александр	Корепанов
29	2024-10-29 13:29:17.233982+03	2024-10-29 13:29:17.234009+03	PrisyazhnyukA	376283306	Anastasia	Prisyazhnyuk
30	2024-11-08 12:21:57.096147+03	2024-11-08 12:21:57.096169+03	avdombrovskiy	64827435	Alexey	Dombrovskiy
31	2024-11-19 12:46:13.926588+03	2024-11-19 12:46:13.926609+03	AlenaNezumi	397325122	Alena B	\N
32	2024-11-20 15:20:38.165181+03	2024-11-20 15:20:38.165202+03	aleksandra_kim26	70895540	Aleksandra	Kim
\.


--
-- Data for Name: auth_group; Type: TABLE DATA; Schema: public; Owner: django_user
--

COPY public.auth_group (id, name) FROM stdin;
\.


--
-- Data for Name: auth_group_permissions; Type: TABLE DATA; Schema: public; Owner: django_user
--

COPY public.auth_group_permissions (id, group_id, permission_id) FROM stdin;
\.


--
-- Data for Name: auth_permission; Type: TABLE DATA; Schema: public; Owner: django_user
--

COPY public.auth_permission (id, name, content_type_id, codename) FROM stdin;
1	Can add log entry	1	add_logentry
2	Can change log entry	1	change_logentry
3	Can delete log entry	1	delete_logentry
4	Can view log entry	1	view_logentry
5	Can add permission	2	add_permission
6	Can change permission	2	change_permission
7	Can delete permission	2	delete_permission
8	Can view permission	2	view_permission
9	Can add group	3	add_group
10	Can change group	3	change_group
11	Can delete group	3	delete_group
12	Can view group	3	view_group
13	Can add content type	4	add_contenttype
14	Can change content type	4	change_contenttype
15	Can delete content type	4	delete_contenttype
16	Can view content type	4	view_contenttype
17	Can add session	5	add_session
18	Can change session	5	change_session
19	Can delete session	5	delete_session
20	Can view session	5	view_session
21	Can add Автор заявки в tg	6	add_telegamusers
22	Can change Автор заявки в tg	6	change_telegamusers
23	Can delete Автор заявки в tg	6	delete_telegamusers
24	Can view Автор заявки в tg	6	view_telegamusers
25	Can add Компания получатель	7	add_companiesrecipient
26	Can change Компания получатель	7	change_companiesrecipient
27	Can delete Компания получатель	7	delete_companiesrecipient
28	Can view Компания получатель	7	view_companiesrecipient
29	Can add Компания плательщик	8	add_companiespayer
30	Can change Компания плательщик	8	change_companiespayer
31	Can delete Компания плательщик	8	delete_companiespayer
32	Can view Компания плательщик	8	view_companiespayer
33	Can add Заявка	9	add_applications
34	Can change Заявка	9	change_applications
35	Can delete Заявка	9	delete_applications
36	Can view Заявка	9	view_applications
37	Can add custom user	10	add_customuser
38	Can change custom user	10	change_customuser
39	Can delete custom user	10	delete_customuser
40	Can view custom user	10	view_customuser
\.


--
-- Data for Name: django_admin_log; Type: TABLE DATA; Schema: public; Owner: django_user
--

COPY public.django_admin_log (id, action_time, object_id, object_repr, action_flag, change_message, content_type_id, user_id) FROM stdin;
1	2024-06-27 11:02:40.571167+03	4	@martyanova_a	1	[{"added": {}}]	6	1
2	2024-06-27 11:11:24.667317+03	4	ООО "КОМПЛИЦЕРТЕ ТЕХ"	3		8	1
3	2024-06-27 11:11:24.669721+03	3	ООО "ГРИНКОСРИТЕЙЛ"	3		8	1
4	2024-06-27 11:59:42.128043+03	4	@martyanova_a	3		6	1
5	2024-06-27 14:52:36.888987+03	2	Заявка от пользователя: def_misha_work	3		9	1
6	2024-06-27 14:52:37.076313+03	3	Заявка от пользователя: def_misha_work	3		9	1
7	2024-06-27 14:52:37.078336+03	4	Заявка от пользователя: def_misha_work	3		9	1
8	2024-06-27 14:52:37.079867+03	8	Заявка от пользователя: def_misha_work	3		9	1
9	2024-06-27 14:52:37.081235+03	11	Заявка от пользователя: def_misha_work	3		9	1
10	2024-06-27 14:52:37.084588+03	12	Заявка от пользователя: dmitryzilbert	3		9	1
11	2024-06-27 14:52:37.086649+03	13	Заявка от пользователя: dmitryzilbert	3		9	1
12	2024-06-27 14:52:37.08812+03	17	Заявка от пользователя: def_misha_work	3		9	1
13	2024-06-27 14:52:37.089353+03	20	Заявка от пользователя: def_misha_work	3		9	1
14	2024-06-27 14:52:37.090535+03	21	Заявка от пользователя: def_misha_work	3		9	1
15	2024-06-27 14:52:37.091654+03	22	Заявка от пользователя: def_misha_work	3		9	1
16	2024-06-27 15:06:24.058858+03	19	Заявка от пользователя: akret	3		9	1
17	2024-07-02 14:32:28.257456+03	7	akret	3		6	1
18	2024-07-02 14:32:28.260251+03	6	dmitryzilbert	3		6	1
19	2024-07-02 14:43:31.431126+03	9	@timofeyshestakov	1	[{"added": {}}]	6	1
20	2024-07-13 17:05:28.84563+03	13	lemon_di004	1	[{"added": {}}]	6	1
21	2024-07-17 12:25:30.003716+03	14	Лейла	1	[{"added": {}}]	6	1
22	2024-07-17 12:25:42.581459+03	14	leila	2	[{"changed": {"fields": ["\\u041d\\u0438\\u043a\\u043d\\u0435\\u0438\\u043c \\u0430\\u0432\\u0442\\u043e\\u0440\\u0430 \\u0437\\u0430\\u044f\\u0432\\u043a\\u0438 \\u0432 tg"]}}]	6	1
23	2024-10-15 10:38:04.516916+03	136	Заявка от пользователя: LegalTechHacker	2	[{"changed": {"fields": ["\\u0421\\u0442\\u0430\\u0442\\u0443\\u0441 \\u0437\\u0430\\u044f\\u0432\\u043a\\u0438"]}}]	9	1
24	2024-10-21 18:31:56.986722+03	144	Заявка от пользователя: AKolotovkin	2	[{"changed": {"fields": ["\\u0421\\u0442\\u0430\\u0442\\u0443\\u0441 \\u0437\\u0430\\u044f\\u0432\\u043a\\u0438"]}}]	9	1
25	2024-10-21 18:36:49.072805+03	145	Заявка от пользователя: LegalTechHacker	2	[{"changed": {"fields": ["\\u0421\\u0442\\u0430\\u0442\\u0443\\u0441 \\u0437\\u0430\\u044f\\u0432\\u043a\\u0438"]}}]	9	1
26	2024-10-22 19:58:33.95563+03	1	Заявка от пользователя: def_misha_work	2	[{"changed": {"fields": ["\\u0421\\u0442\\u0430\\u0442\\u0443\\u0441 \\u0437\\u0430\\u044f\\u0432\\u043a\\u0438"]}}]	9	1
27	2024-10-22 19:58:42.786968+03	1	Заявка от пользователя: def_misha_work	2	[{"changed": {"fields": ["\\u0421\\u0442\\u0430\\u0442\\u0443\\u0441 \\u0437\\u0430\\u044f\\u0432\\u043a\\u0438"]}}]	9	1
28	2024-10-23 16:24:31.718617+03	5	Заявка от пользователя: LegalTechHacker	2	[{"changed": {"fields": ["\\u0421\\u0442\\u0430\\u0442\\u0443\\u0441 \\u0437\\u0430\\u044f\\u0432\\u043a\\u0438"]}}]	9	1
29	2024-10-23 16:25:00.877928+03	145	Заявка от пользователя: LegalTechHacker	2	[{"changed": {"fields": ["\\u0421\\u0442\\u0430\\u0442\\u0443\\u0441 \\u0437\\u0430\\u044f\\u0432\\u043a\\u0438"]}}]	9	1
30	2024-10-23 16:25:27.145437+03	144	Заявка от пользователя: AKolotovkin	2	[{"changed": {"fields": ["\\u0421\\u0442\\u0430\\u0442\\u0443\\u0441 \\u0437\\u0430\\u044f\\u0432\\u043a\\u0438"]}}]	9	1
31	2024-10-23 16:26:10.049841+03	148	Заявка от пользователя: LegalTechHacker	2	[{"changed": {"fields": ["\\u0421\\u0442\\u0430\\u0442\\u0443\\u0441 \\u0437\\u0430\\u044f\\u0432\\u043a\\u0438"]}}]	9	1
32	2024-10-23 16:48:27.798992+03	24	Заявка от пользователя: def_misha_work	2	[{"changed": {"fields": ["\\u0421\\u0442\\u0430\\u0442\\u0443\\u0441 \\u0437\\u0430\\u044f\\u0432\\u043a\\u0438"]}}]	9	1
33	2024-10-23 16:48:52.427885+03	23	Заявка от пользователя: def_misha_work	2	[{"changed": {"fields": ["\\u0421\\u0442\\u0430\\u0442\\u0443\\u0441 \\u0437\\u0430\\u044f\\u0432\\u043a\\u0438"]}}]	9	1
34	2024-10-23 16:50:05.065908+03	1	Заявка от пользователя: def_misha_work	2	[{"changed": {"fields": ["\\u0414\\u0430\\u0442\\u0430 \\u0438\\u0441\\u043f\\u043e\\u043b\\u043d\\u0435\\u043d\\u0438\\u044f \\u0437\\u0430\\u044f\\u0432\\u043a\\u0438"]}}]	9	1
35	2024-10-23 16:50:14.433629+03	1	Заявка от пользователя: def_misha_work	2	[{"changed": {"fields": ["\\u0421\\u0442\\u0430\\u0442\\u0443\\u0441 \\u0437\\u0430\\u044f\\u0432\\u043a\\u0438"]}}]	9	1
36	2024-10-23 16:50:34.330591+03	1	Заявка от пользователя: def_misha_work	2	[{"changed": {"fields": ["\\u0421\\u0442\\u0430\\u0442\\u0443\\u0441 \\u0437\\u0430\\u044f\\u0432\\u043a\\u0438", "\\u0414\\u0430\\u0442\\u0430 \\u0438\\u0441\\u043f\\u043e\\u043b\\u043d\\u0435\\u043d\\u0438\\u044f \\u0437\\u0430\\u044f\\u0432\\u043a\\u0438"]}}]	9	1
37	2024-10-23 16:50:59.739139+03	23	Заявка от пользователя: def_misha_work	2	[{"changed": {"fields": ["\\u0421\\u0442\\u0430\\u0442\\u0443\\u0441 \\u0437\\u0430\\u044f\\u0432\\u043a\\u0438", "\\u0414\\u0430\\u0442\\u0430 \\u0438\\u0441\\u043f\\u043e\\u043b\\u043d\\u0435\\u043d\\u0438\\u044f \\u0437\\u0430\\u044f\\u0432\\u043a\\u0438"]}}]	9	1
38	2024-10-23 16:52:37.938677+03	148	Заявка от пользователя: LegalTechHacker	2	[{"changed": {"fields": ["\\u0421\\u0442\\u0430\\u0442\\u0443\\u0441 \\u0437\\u0430\\u044f\\u0432\\u043a\\u0438", "\\u0414\\u0430\\u0442\\u0430 \\u0438\\u0441\\u043f\\u043e\\u043b\\u043d\\u0435\\u043d\\u0438\\u044f \\u0437\\u0430\\u044f\\u0432\\u043a\\u0438"]}}]	9	1
39	2024-10-23 18:17:33.938878+03	149	Заявка от пользователя: def_misha_work	2	[{"changed": {"fields": ["\\u0421\\u0442\\u0430\\u0442\\u0443\\u0441 \\u0437\\u0430\\u044f\\u0432\\u043a\\u0438"]}}]	9	1
40	2024-10-23 18:39:30.73577+03	28	Заявка от пользователя: def_misha_work	2	[{"changed": {"fields": ["\\u0414\\u0430\\u0442\\u0430 \\u0438\\u0441\\u043f\\u043e\\u043b\\u043d\\u0435\\u043d\\u0438\\u044f \\u0437\\u0430\\u044f\\u0432\\u043a\\u0438"]}}]	9	1
41	2024-10-23 18:40:32.268173+03	149	Заявка от пользователя: def_misha_work	2	[{"changed": {"fields": ["\\u0414\\u0430\\u0442\\u0430 \\u0438\\u0441\\u043f\\u043e\\u043b\\u043d\\u0435\\u043d\\u0438\\u044f \\u0437\\u0430\\u044f\\u0432\\u043a\\u0438"]}}]	9	1
42	2024-10-23 18:41:28.722511+03	150	Заявка от пользователя: def_misha_work	2	[{"changed": {"fields": ["\\u0421\\u0442\\u0430\\u0442\\u0443\\u0441 \\u0437\\u0430\\u044f\\u0432\\u043a\\u0438"]}}]	9	1
43	2024-11-14 19:17:27.957067+03	177	Заявка от пользователя: LegalTechHacker	3		9	1
44	2024-11-14 19:17:37.365204+03	176	Заявка от пользователя: LegalTechHacker	3		9	1
45	2024-11-18 11:17:04.837157+03	183	Заявка от пользователя: lemon_di004	3		9	1
46	2024-11-21 14:58:16.509948+03	152	Заявка от пользователя: LegalTechHacker	3		9	1
47	2024-11-27 16:24:27.229013+03	196	Заявка от пользователя: def_misha_work	3		9	1
\.


--
-- Data for Name: django_content_type; Type: TABLE DATA; Schema: public; Owner: django_user
--

COPY public.django_content_type (id, app_label, model) FROM stdin;
1	admin	logentry
2	auth	permission
3	auth	group
4	contenttypes	contenttype
5	sessions	session
6	applications	telegamusers
7	applications	companiesrecipient
8	applications	companiespayer
9	applications	applications
10	users	customuser
\.


--
-- Data for Name: django_migrations; Type: TABLE DATA; Schema: public; Owner: django_user
--

COPY public.django_migrations (id, app, name, applied) FROM stdin;
1	contenttypes	0001_initial	2024-06-25 14:04:40.915331+03
2	contenttypes	0002_remove_content_type_name	2024-06-25 14:04:40.922297+03
3	auth	0001_initial	2024-06-25 14:04:41.008954+03
4	auth	0002_alter_permission_name_max_length	2024-06-25 14:04:41.014681+03
5	auth	0003_alter_user_email_max_length	2024-06-25 14:04:41.021623+03
6	auth	0004_alter_user_username_opts	2024-06-25 14:04:41.0269+03
7	auth	0005_alter_user_last_login_null	2024-06-25 14:04:41.040473+03
8	auth	0006_require_contenttypes_0002	2024-06-25 14:04:41.051365+03
9	auth	0007_alter_validators_add_error_messages	2024-06-25 14:04:41.058793+03
10	auth	0008_alter_user_username_max_length	2024-06-25 14:04:41.064547+03
11	auth	0009_alter_user_last_name_max_length	2024-06-25 14:04:41.075669+03
12	auth	0010_alter_group_name_max_length	2024-06-25 14:04:41.084099+03
13	auth	0011_update_proxy_permissions	2024-06-25 14:04:41.090724+03
14	auth	0012_alter_user_first_name_max_length	2024-06-25 14:04:41.096934+03
15	users	0001_initial	2024-06-25 14:04:41.17638+03
16	admin	0001_initial	2024-06-25 14:04:41.21743+03
17	admin	0002_logentry_remove_auto_add	2024-06-25 14:04:41.229958+03
18	admin	0003_logentry_add_action_flag_choices	2024-06-25 14:04:41.240004+03
19	applications	0001_initial	2024-06-25 14:04:42.140916+03
20	sessions	0001_initial	2024-06-25 14:04:42.158265+03
21	applications	0002_alter_telegamusers_tg_user_id	2024-07-13 17:04:43.091326+03
22	applications	0003_applications_app_status	2024-10-09 17:32:43.353862+03
\.


--
-- Data for Name: django_session; Type: TABLE DATA; Schema: public; Owner: django_user
--

COPY public.django_session (session_key, session_data, expire_date) FROM stdin;
et6b0sl9wktoi6cx5c65u7j3nylyzkv7	.eJxVjDsOwjAQRO_iGln-O6Gkzxksr3eNA8iW4qRC3J1ESgHFNPPezJuFuK0lbJ2WMCO7Mskuvx3E9KR6AHzEem88tbouM_BD4SftfGpIr9vp_h2U2Mu-FspK4cCnIRsHclBWUxYWPFl0WWc1CowEpEmllIyCMToQGfd44dGwzxfiQDiB:1sM4D4:grggxhMjm6nQog8sN5Xp6uAJwWh-VRV-lOyZGKluN3o	2024-07-09 14:19:38.529434+03
slu1grbr6x8ml1gzgic52b8qwqphl54s	.eJxVjDsOwjAQRO_iGln-O6Gkzxksr3eNA8iW4qRC3J1ESgHFNPPezJuFuK0lbJ2WMCO7Mskuvx3E9KR6AHzEem88tbouM_BD4SftfGpIr9vp_h2U2Mu-FspK4cCnIRsHclBWUxYWPFl0WWc1CowEpEmllIyCMToQGfd44dGwzxfiQDiB:1sRAVK:3pE5eEhrHEoGzNWcZrHpRcqDsK09PQVPNew0qsQJfAY	2024-07-23 16:03:34.12737+03
w3dd2g79rvs3kjf6un557yhu1440ljyo	.eJxVjDsOwjAQRO_iGln-O6Gkzxksr3eNA8iW4qRC3J1ESgHFNPPezJuFuK0lbJ2WMCO7Mskuvx3E9KR6AHzEem88tbouM_BD4SftfGpIr9vp_h2U2Mu-FspK4cCnIRsHclBWUxYWPFl0WWc1CowEpEmllIyCMToQGfd44dGwzxfiQDiB:1svM3p:JnHuSXQsjKds4CzVJe-53kGn8a9dtk-e23rEXZ_TAaA	2024-10-14 22:27:57.610066+03
r79c6nlhgjaghdziulc54f85ktwalld8	.eJxVjDsOwjAQRO_iGln-O6Gkzxksr3eNA8iW4qRC3J1ESgHFNPPezJuFuK0lbJ2WMCO7Mskuvx3E9KR6AHzEem88tbouM_BD4SftfGpIr9vp_h2U2Mu-FspK4cCnIRsHclBWUxYWPFl0WWc1CowEpEmllIyCMToQGfd44dGwzxfiQDiB:1svdYa:cUleaDeQfADf7NPNtXikspdyXo5giyiJx_gE9Cdejc8	2024-10-15 17:08:52.046496+03
xwgpbq39kq0jn8j3zdwmkryd5qptn78u	.eJxVjDsOwjAQRO_iGln-O6Gkzxksr3eNA8iW4qRC3J1ESgHFNPPezJuFuK0lbJ2WMCO7Mskuvx3E9KR6AHzEem88tbouM_BD4SftfGpIr9vp_h2U2Mu-FspK4cCnIRsHclBWUxYWPFl0WWc1CowEpEmllIyCMToQGfd44dGwzxfiQDiB:1syXws:vW6FUi1lfBSFw2qXySgBiJo5sQvReFoVMJtbRgp40o4	2024-10-23 17:45:58.988351+03
ujprrdoig3pp81wdno0f88tfbhipk3nw	.eJxVjDsOwjAQRO_iGln-O6Gkzxksr3eNA8iW4qRC3J1ESgHFNPPezJuFuK0lbJ2WMCO7Mskuvx3E9KR6AHzEem88tbouM_BD4SftfGpIr9vp_h2U2Mu-FspK4cCnIRsHclBWUxYWPFl0WWc1CowEpEmllIyCMToQGfd44dGwzxfiQDiB:1t0ykf:t0JArICJs0tskwgD1pQY4ajyOieCni9pW9C2kfMjK1k	2024-10-30 10:47:25.199936+03
ie1uty487cfv4u94vixnpm4h4vyn35h9	.eJxVjDsOwjAQRO_iGln-O6Gkzxksr3eNA8iW4qRC3J1ESgHFNPPezJuFuK0lbJ2WMCO7Mskuvx3E9KR6AHzEem88tbouM_BD4SftfGpIr9vp_h2U2Mu-FspK4cCnIRsHclBWUxYWPFl0WWc1CowEpEmllIyCMToQGfd44dGwzxfiQDiB:1t12vn:EnsGyefobfK8VeKYFND269CJuqhLBXCfJmZ5n1ssURI	2024-10-30 15:15:11.782392+03
o8aiodw0280xu0b28tmn51khp059tspm	.eJxVjDsOwjAQRO_iGln-O6Gkzxksr3eNA8iW4qRC3J1ESgHFNPPezJuFuK0lbJ2WMCO7Mskuvx3E9KR6AHzEem88tbouM_BD4SftfGpIr9vp_h2U2Mu-FspK4cCnIRsHclBWUxYWPFl0WWc1CowEpEmllIyCMToQGfd44dGwzxfiQDiB:1t12wm:_Z_kUDqSIFrxN4Jjgm5GSlAz_26GyWbhya0DEVd6-mg	2024-10-30 15:16:12.77989+03
13nclwwegp5n7qs98dq0qnk2qxb3qpvy	.eJxVjDsOwjAQRO_iGln-O6Gkzxksr3eNA8iW4qRC3J1ESgHFNPPezJuFuK0lbJ2WMCO7Mskuvx3E9KR6AHzEem88tbouM_BD4SftfGpIr9vp_h2U2Mu-FspK4cCnIRsHclBWUxYWPFl0WWc1CowEpEmllIyCMToQGfd44dGwzxfiQDiB:1t2uNg:ZsR-Oij0hyQAGJe9w6yjE5HZ51XDC_NlYUIeuqdzTx0	2024-11-04 18:31:40.142006+03
ac5i83hnpdxfpc5yx6tfstyp3bqhamfu	.eJxVjDsOwjAQRO_iGln-O6Gkzxksr3eNA8iW4qRC3J1ESgHFNPPezJuFuK0lbJ2WMCO7Mskuvx3E9KR6AHzEem88tbouM_BD4SftfGpIr9vp_h2U2Mu-FspK4cCnIRsHclBWUxYWPFl0WWc1CowEpEmllIyCMToQGfd44dGwzxfiQDiB:1t8Q5R:Tpf60MWAmytWwbdoyXaQqxRm7NqpqxLjhtzncKRbU7g	2024-11-19 23:23:37.928891+03
8v2oesha8602hu9tkfnrbmvme956jy35	.eJxVjDsOwjAQRO_iGln-O6Gkzxksr3eNA8iW4qRC3J1ESgHFNPPezJuFuK0lbJ2WMCO7Mskuvx3E9KR6AHzEem88tbouM_BD4SftfGpIr9vp_h2U2Mu-FspK4cCnIRsHclBWUxYWPFl0WWc1CowEpEmllIyCMToQGfd44dGwzxfiQDiB:1tE5j3:XdEq09ngIQ79Mse5iyMcpdOFlLvf4xC31iT5HyZHOdI	2024-12-05 14:51:57.6765+03
n73kjmqi2xz4s50542aqsrpzanpgcn77	.eJxVjDsOwjAQRO_iGln-O6Gkzxksr3eNA8iW4qRC3J1ESgHFNPPezJuFuK0lbJ2WMCO7Mskuvx3E9KR6AHzEem88tbouM_BD4SftfGpIr9vp_h2U2Mu-FspK4cCnIRsHclBWUxYWPFl0WWc1CowEpEmllIyCMToQGfd44dGwzxfiQDiB:1tEq72:mMdqkkgTUYcwGfnUhJu9_tvYqDOBWT1j5dIrcR29Dyg	2024-12-07 16:23:48.599189+03
qe7vmt4z6sr90rzgdq4o4j73vbvl0jyq	.eJxVjDsOwjAQRO_iGln-O6Gkzxksr3eNA8iW4qRC3J1ESgHFNPPezJuFuK0lbJ2WMCO7Mskuvx3E9KR6AHzEem88tbouM_BD4SftfGpIr9vp_h2U2Mu-FspK4cCnIRsHclBWUxYWPFl0WWc1CowEpEmllIyCMToQGfd44dGwzxfiQDiB:1tFXbu:K6trTAHlHyVa4jJq3SwVOtUAwYORZtqG3vG2_f9welU	2024-12-09 14:50:34.514742+03
r9mm3360d1vn9j348i2te12cql1fh2kf	.eJxVjDsOwjAQRO_iGln-O6Gkzxksr3eNA8iW4qRC3J1ESgHFNPPezJuFuK0lbJ2WMCO7Mskuvx3E9KR6AHzEem88tbouM_BD4SftfGpIr9vp_h2U2Mu-FspK4cCnIRsHclBWUxYWPFl0WWc1CowEpEmllIyCMToQGfd44dGwzxfiQDiB:1tGMl3:c5tvipC9x9OVArL3-A5CKRXENUpGi3POdykENpY14vs	2024-12-11 21:27:25.676002+03
\.


--
-- Data for Name: users_customuser; Type: TABLE DATA; Schema: public; Owner: django_user
--

COPY public.users_customuser (id, password, last_login, is_superuser, email, is_staff, is_active, date_joined) FROM stdin;
1	pbkdf2_sha256$720000$d8feoUkVFlDWsuaheHJN6y$Jh4teftT3EpugzZTA8roIaiR/f+5gfJQ1a5Wb+QNHNQ=	2024-11-27 21:27:25.673406+03	t	bb@wiseadvice.ru	t	t	2024-06-25 14:05:46.331083+03
\.


--
-- Data for Name: users_customuser_groups; Type: TABLE DATA; Schema: public; Owner: django_user
--

COPY public.users_customuser_groups (id, customuser_id, group_id) FROM stdin;
\.


--
-- Data for Name: users_customuser_user_permissions; Type: TABLE DATA; Schema: public; Owner: django_user
--

COPY public.users_customuser_user_permissions (id, customuser_id, permission_id) FROM stdin;
\.


--
-- Name: applications_applications_id_seq; Type: SEQUENCE SET; Schema: public; Owner: django_user
--

SELECT pg_catalog.setval('public.applications_applications_id_seq', 203, true);


--
-- Name: applications_companiespayer_id_seq; Type: SEQUENCE SET; Schema: public; Owner: django_user
--

SELECT pg_catalog.setval('public.applications_companiespayer_id_seq', 32, true);


--
-- Name: applications_companiesrecipient_id_seq; Type: SEQUENCE SET; Schema: public; Owner: django_user
--

SELECT pg_catalog.setval('public.applications_companiesrecipient_id_seq', 36, true);


--
-- Name: applications_telegamusers_id_seq; Type: SEQUENCE SET; Schema: public; Owner: django_user
--

SELECT pg_catalog.setval('public.applications_telegamusers_id_seq', 32, true);


--
-- Name: auth_group_id_seq; Type: SEQUENCE SET; Schema: public; Owner: django_user
--

SELECT pg_catalog.setval('public.auth_group_id_seq', 1, false);


--
-- Name: auth_group_permissions_id_seq; Type: SEQUENCE SET; Schema: public; Owner: django_user
--

SELECT pg_catalog.setval('public.auth_group_permissions_id_seq', 1, false);


--
-- Name: auth_permission_id_seq; Type: SEQUENCE SET; Schema: public; Owner: django_user
--

SELECT pg_catalog.setval('public.auth_permission_id_seq', 40, true);


--
-- Name: django_admin_log_id_seq; Type: SEQUENCE SET; Schema: public; Owner: django_user
--

SELECT pg_catalog.setval('public.django_admin_log_id_seq', 47, true);


--
-- Name: django_content_type_id_seq; Type: SEQUENCE SET; Schema: public; Owner: django_user
--

SELECT pg_catalog.setval('public.django_content_type_id_seq', 10, true);


--
-- Name: django_migrations_id_seq; Type: SEQUENCE SET; Schema: public; Owner: django_user
--

SELECT pg_catalog.setval('public.django_migrations_id_seq', 22, true);


--
-- Name: users_customuser_groups_id_seq; Type: SEQUENCE SET; Schema: public; Owner: django_user
--

SELECT pg_catalog.setval('public.users_customuser_groups_id_seq', 1, false);


--
-- Name: users_customuser_id_seq; Type: SEQUENCE SET; Schema: public; Owner: django_user
--

SELECT pg_catalog.setval('public.users_customuser_id_seq', 1, true);


--
-- Name: users_customuser_user_permissions_id_seq; Type: SEQUENCE SET; Schema: public; Owner: django_user
--

SELECT pg_catalog.setval('public.users_customuser_user_permissions_id_seq', 1, false);


--
-- Name: applications_applications applications_applications_pkey; Type: CONSTRAINT; Schema: public; Owner: django_user
--

ALTER TABLE ONLY public.applications_applications
    ADD CONSTRAINT applications_applications_pkey PRIMARY KEY (id);


--
-- Name: applications_companiespayer applications_companiespayer_company_inn_payer_key; Type: CONSTRAINT; Schema: public; Owner: django_user
--

ALTER TABLE ONLY public.applications_companiespayer
    ADD CONSTRAINT applications_companiespayer_company_inn_payer_key UNIQUE (company_inn_payer);


--
-- Name: applications_companiespayer applications_companiespayer_pkey; Type: CONSTRAINT; Schema: public; Owner: django_user
--

ALTER TABLE ONLY public.applications_companiespayer
    ADD CONSTRAINT applications_companiespayer_pkey PRIMARY KEY (id);


--
-- Name: applications_companiesrecipient applications_companiesrecipient_company_inn_recipient_key; Type: CONSTRAINT; Schema: public; Owner: django_user
--

ALTER TABLE ONLY public.applications_companiesrecipient
    ADD CONSTRAINT applications_companiesrecipient_company_inn_recipient_key UNIQUE (company_inn_recipient);


--
-- Name: applications_companiesrecipient applications_companiesrecipient_pkey; Type: CONSTRAINT; Schema: public; Owner: django_user
--

ALTER TABLE ONLY public.applications_companiesrecipient
    ADD CONSTRAINT applications_companiesrecipient_pkey PRIMARY KEY (id);


--
-- Name: applications_telegamusers applications_telegamusers_pkey; Type: CONSTRAINT; Schema: public; Owner: django_user
--

ALTER TABLE ONLY public.applications_telegamusers
    ADD CONSTRAINT applications_telegamusers_pkey PRIMARY KEY (id);


--
-- Name: applications_telegamusers applications_telegamusers_tg_user_id_key; Type: CONSTRAINT; Schema: public; Owner: django_user
--

ALTER TABLE ONLY public.applications_telegamusers
    ADD CONSTRAINT applications_telegamusers_tg_user_id_key UNIQUE (tg_user_id);


--
-- Name: applications_telegamusers applications_telegamusers_tg_username_key; Type: CONSTRAINT; Schema: public; Owner: django_user
--

ALTER TABLE ONLY public.applications_telegamusers
    ADD CONSTRAINT applications_telegamusers_tg_username_key UNIQUE (tg_username);


--
-- Name: auth_group auth_group_name_key; Type: CONSTRAINT; Schema: public; Owner: django_user
--

ALTER TABLE ONLY public.auth_group
    ADD CONSTRAINT auth_group_name_key UNIQUE (name);


--
-- Name: auth_group_permissions auth_group_permissions_group_id_permission_id_0cd325b0_uniq; Type: CONSTRAINT; Schema: public; Owner: django_user
--

ALTER TABLE ONLY public.auth_group_permissions
    ADD CONSTRAINT auth_group_permissions_group_id_permission_id_0cd325b0_uniq UNIQUE (group_id, permission_id);


--
-- Name: auth_group_permissions auth_group_permissions_pkey; Type: CONSTRAINT; Schema: public; Owner: django_user
--

ALTER TABLE ONLY public.auth_group_permissions
    ADD CONSTRAINT auth_group_permissions_pkey PRIMARY KEY (id);


--
-- Name: auth_group auth_group_pkey; Type: CONSTRAINT; Schema: public; Owner: django_user
--

ALTER TABLE ONLY public.auth_group
    ADD CONSTRAINT auth_group_pkey PRIMARY KEY (id);


--
-- Name: auth_permission auth_permission_content_type_id_codename_01ab375a_uniq; Type: CONSTRAINT; Schema: public; Owner: django_user
--

ALTER TABLE ONLY public.auth_permission
    ADD CONSTRAINT auth_permission_content_type_id_codename_01ab375a_uniq UNIQUE (content_type_id, codename);


--
-- Name: auth_permission auth_permission_pkey; Type: CONSTRAINT; Schema: public; Owner: django_user
--

ALTER TABLE ONLY public.auth_permission
    ADD CONSTRAINT auth_permission_pkey PRIMARY KEY (id);


--
-- Name: django_admin_log django_admin_log_pkey; Type: CONSTRAINT; Schema: public; Owner: django_user
--

ALTER TABLE ONLY public.django_admin_log
    ADD CONSTRAINT django_admin_log_pkey PRIMARY KEY (id);


--
-- Name: django_content_type django_content_type_app_label_model_76bd3d3b_uniq; Type: CONSTRAINT; Schema: public; Owner: django_user
--

ALTER TABLE ONLY public.django_content_type
    ADD CONSTRAINT django_content_type_app_label_model_76bd3d3b_uniq UNIQUE (app_label, model);


--
-- Name: django_content_type django_content_type_pkey; Type: CONSTRAINT; Schema: public; Owner: django_user
--

ALTER TABLE ONLY public.django_content_type
    ADD CONSTRAINT django_content_type_pkey PRIMARY KEY (id);


--
-- Name: django_migrations django_migrations_pkey; Type: CONSTRAINT; Schema: public; Owner: django_user
--

ALTER TABLE ONLY public.django_migrations
    ADD CONSTRAINT django_migrations_pkey PRIMARY KEY (id);


--
-- Name: django_session django_session_pkey; Type: CONSTRAINT; Schema: public; Owner: django_user
--

ALTER TABLE ONLY public.django_session
    ADD CONSTRAINT django_session_pkey PRIMARY KEY (session_key);


--
-- Name: users_customuser users_customuser_email_key; Type: CONSTRAINT; Schema: public; Owner: django_user
--

ALTER TABLE ONLY public.users_customuser
    ADD CONSTRAINT users_customuser_email_key UNIQUE (email);


--
-- Name: users_customuser_groups users_customuser_groups_customuser_id_group_id_76b619e3_uniq; Type: CONSTRAINT; Schema: public; Owner: django_user
--

ALTER TABLE ONLY public.users_customuser_groups
    ADD CONSTRAINT users_customuser_groups_customuser_id_group_id_76b619e3_uniq UNIQUE (customuser_id, group_id);


--
-- Name: users_customuser_groups users_customuser_groups_pkey; Type: CONSTRAINT; Schema: public; Owner: django_user
--

ALTER TABLE ONLY public.users_customuser_groups
    ADD CONSTRAINT users_customuser_groups_pkey PRIMARY KEY (id);


--
-- Name: users_customuser users_customuser_pkey; Type: CONSTRAINT; Schema: public; Owner: django_user
--

ALTER TABLE ONLY public.users_customuser
    ADD CONSTRAINT users_customuser_pkey PRIMARY KEY (id);


--
-- Name: users_customuser_user_permissions users_customuser_user_pe_customuser_id_permission_7a7debf6_uniq; Type: CONSTRAINT; Schema: public; Owner: django_user
--

ALTER TABLE ONLY public.users_customuser_user_permissions
    ADD CONSTRAINT users_customuser_user_pe_customuser_id_permission_7a7debf6_uniq UNIQUE (customuser_id, permission_id);


--
-- Name: users_customuser_user_permissions users_customuser_user_permissions_pkey; Type: CONSTRAINT; Schema: public; Owner: django_user
--

ALTER TABLE ONLY public.users_customuser_user_permissions
    ADD CONSTRAINT users_customuser_user_permissions_pkey PRIMARY KEY (id);


--
-- Name: applications_applications_inn_payer_id_5b8105bd; Type: INDEX; Schema: public; Owner: django_user
--

CREATE INDEX applications_applications_inn_payer_id_5b8105bd ON public.applications_applications USING btree (inn_payer_id);


--
-- Name: applications_applications_inn_recipient_id_4fc50cda; Type: INDEX; Schema: public; Owner: django_user
--

CREATE INDEX applications_applications_inn_recipient_id_4fc50cda ON public.applications_applications USING btree (inn_recipient_id);


--
-- Name: applications_applications_tg_user_id_097d81a8; Type: INDEX; Schema: public; Owner: django_user
--

CREATE INDEX applications_applications_tg_user_id_097d81a8 ON public.applications_applications USING btree (tg_user_id);


--
-- Name: applications_companiespayer_company_inn_payer_920e7e3c_like; Type: INDEX; Schema: public; Owner: django_user
--

CREATE INDEX applications_companiespayer_company_inn_payer_920e7e3c_like ON public.applications_companiespayer USING btree (company_inn_payer varchar_pattern_ops);


--
-- Name: applications_companiespayer_tg_user_id_6f9dc4f3; Type: INDEX; Schema: public; Owner: django_user
--

CREATE INDEX applications_companiespayer_tg_user_id_6f9dc4f3 ON public.applications_companiespayer USING btree (tg_user_id);


--
-- Name: applications_companiesre_company_inn_recipient_a189b02c_like; Type: INDEX; Schema: public; Owner: django_user
--

CREATE INDEX applications_companiesre_company_inn_recipient_a189b02c_like ON public.applications_companiesrecipient USING btree (company_inn_recipient varchar_pattern_ops);


--
-- Name: applications_companiesrecipient_tg_user_id_37fd47bf; Type: INDEX; Schema: public; Owner: django_user
--

CREATE INDEX applications_companiesrecipient_tg_user_id_37fd47bf ON public.applications_companiesrecipient USING btree (tg_user_id);


--
-- Name: applications_telegamusers_tg_username_7fa05522_like; Type: INDEX; Schema: public; Owner: django_user
--

CREATE INDEX applications_telegamusers_tg_username_7fa05522_like ON public.applications_telegamusers USING btree (tg_username varchar_pattern_ops);


--
-- Name: auth_group_name_a6ea08ec_like; Type: INDEX; Schema: public; Owner: django_user
--

CREATE INDEX auth_group_name_a6ea08ec_like ON public.auth_group USING btree (name varchar_pattern_ops);


--
-- Name: auth_group_permissions_group_id_b120cbf9; Type: INDEX; Schema: public; Owner: django_user
--

CREATE INDEX auth_group_permissions_group_id_b120cbf9 ON public.auth_group_permissions USING btree (group_id);


--
-- Name: auth_group_permissions_permission_id_84c5c92e; Type: INDEX; Schema: public; Owner: django_user
--

CREATE INDEX auth_group_permissions_permission_id_84c5c92e ON public.auth_group_permissions USING btree (permission_id);


--
-- Name: auth_permission_content_type_id_2f476e4b; Type: INDEX; Schema: public; Owner: django_user
--

CREATE INDEX auth_permission_content_type_id_2f476e4b ON public.auth_permission USING btree (content_type_id);


--
-- Name: django_admin_log_content_type_id_c4bce8eb; Type: INDEX; Schema: public; Owner: django_user
--

CREATE INDEX django_admin_log_content_type_id_c4bce8eb ON public.django_admin_log USING btree (content_type_id);


--
-- Name: django_admin_log_user_id_c564eba6; Type: INDEX; Schema: public; Owner: django_user
--

CREATE INDEX django_admin_log_user_id_c564eba6 ON public.django_admin_log USING btree (user_id);


--
-- Name: django_session_expire_date_a5c62663; Type: INDEX; Schema: public; Owner: django_user
--

CREATE INDEX django_session_expire_date_a5c62663 ON public.django_session USING btree (expire_date);


--
-- Name: django_session_session_key_c0390e0f_like; Type: INDEX; Schema: public; Owner: django_user
--

CREATE INDEX django_session_session_key_c0390e0f_like ON public.django_session USING btree (session_key varchar_pattern_ops);


--
-- Name: users_customuser_email_6445acef_like; Type: INDEX; Schema: public; Owner: django_user
--

CREATE INDEX users_customuser_email_6445acef_like ON public.users_customuser USING btree (email varchar_pattern_ops);


--
-- Name: users_customuser_groups_customuser_id_958147bf; Type: INDEX; Schema: public; Owner: django_user
--

CREATE INDEX users_customuser_groups_customuser_id_958147bf ON public.users_customuser_groups USING btree (customuser_id);


--
-- Name: users_customuser_groups_group_id_01390b14; Type: INDEX; Schema: public; Owner: django_user
--

CREATE INDEX users_customuser_groups_group_id_01390b14 ON public.users_customuser_groups USING btree (group_id);


--
-- Name: users_customuser_user_permissions_customuser_id_5771478b; Type: INDEX; Schema: public; Owner: django_user
--

CREATE INDEX users_customuser_user_permissions_customuser_id_5771478b ON public.users_customuser_user_permissions USING btree (customuser_id);


--
-- Name: users_customuser_user_permissions_permission_id_baaa2f74; Type: INDEX; Schema: public; Owner: django_user
--

CREATE INDEX users_customuser_user_permissions_permission_id_baaa2f74 ON public.users_customuser_user_permissions USING btree (permission_id);


--
-- Name: applications_applications applications_applica_inn_payer_id_5b8105bd_fk_applicati; Type: FK CONSTRAINT; Schema: public; Owner: django_user
--

ALTER TABLE ONLY public.applications_applications
    ADD CONSTRAINT applications_applica_inn_payer_id_5b8105bd_fk_applicati FOREIGN KEY (inn_payer_id) REFERENCES public.applications_companiespayer(id) DEFERRABLE INITIALLY DEFERRED;


--
-- Name: applications_applications applications_applica_inn_recipient_id_4fc50cda_fk_applicati; Type: FK CONSTRAINT; Schema: public; Owner: django_user
--

ALTER TABLE ONLY public.applications_applications
    ADD CONSTRAINT applications_applica_inn_recipient_id_4fc50cda_fk_applicati FOREIGN KEY (inn_recipient_id) REFERENCES public.applications_companiesrecipient(id) DEFERRABLE INITIALLY DEFERRED;


--
-- Name: applications_applications applications_applica_tg_user_id_097d81a8_fk_applicati; Type: FK CONSTRAINT; Schema: public; Owner: django_user
--

ALTER TABLE ONLY public.applications_applications
    ADD CONSTRAINT applications_applica_tg_user_id_097d81a8_fk_applicati FOREIGN KEY (tg_user_id) REFERENCES public.applications_telegamusers(id) DEFERRABLE INITIALLY DEFERRED;


--
-- Name: applications_companiesrecipient applications_compani_tg_user_id_37fd47bf_fk_applicati; Type: FK CONSTRAINT; Schema: public; Owner: django_user
--

ALTER TABLE ONLY public.applications_companiesrecipient
    ADD CONSTRAINT applications_compani_tg_user_id_37fd47bf_fk_applicati FOREIGN KEY (tg_user_id) REFERENCES public.applications_telegamusers(id) DEFERRABLE INITIALLY DEFERRED;


--
-- Name: applications_companiespayer applications_compani_tg_user_id_6f9dc4f3_fk_applicati; Type: FK CONSTRAINT; Schema: public; Owner: django_user
--

ALTER TABLE ONLY public.applications_companiespayer
    ADD CONSTRAINT applications_compani_tg_user_id_6f9dc4f3_fk_applicati FOREIGN KEY (tg_user_id) REFERENCES public.applications_telegamusers(id) DEFERRABLE INITIALLY DEFERRED;


--
-- Name: auth_group_permissions auth_group_permissio_permission_id_84c5c92e_fk_auth_perm; Type: FK CONSTRAINT; Schema: public; Owner: django_user
--

ALTER TABLE ONLY public.auth_group_permissions
    ADD CONSTRAINT auth_group_permissio_permission_id_84c5c92e_fk_auth_perm FOREIGN KEY (permission_id) REFERENCES public.auth_permission(id) DEFERRABLE INITIALLY DEFERRED;


--
-- Name: auth_group_permissions auth_group_permissions_group_id_b120cbf9_fk_auth_group_id; Type: FK CONSTRAINT; Schema: public; Owner: django_user
--

ALTER TABLE ONLY public.auth_group_permissions
    ADD CONSTRAINT auth_group_permissions_group_id_b120cbf9_fk_auth_group_id FOREIGN KEY (group_id) REFERENCES public.auth_group(id) DEFERRABLE INITIALLY DEFERRED;


--
-- Name: auth_permission auth_permission_content_type_id_2f476e4b_fk_django_co; Type: FK CONSTRAINT; Schema: public; Owner: django_user
--

ALTER TABLE ONLY public.auth_permission
    ADD CONSTRAINT auth_permission_content_type_id_2f476e4b_fk_django_co FOREIGN KEY (content_type_id) REFERENCES public.django_content_type(id) DEFERRABLE INITIALLY DEFERRED;


--
-- Name: django_admin_log django_admin_log_content_type_id_c4bce8eb_fk_django_co; Type: FK CONSTRAINT; Schema: public; Owner: django_user
--

ALTER TABLE ONLY public.django_admin_log
    ADD CONSTRAINT django_admin_log_content_type_id_c4bce8eb_fk_django_co FOREIGN KEY (content_type_id) REFERENCES public.django_content_type(id) DEFERRABLE INITIALLY DEFERRED;


--
-- Name: django_admin_log django_admin_log_user_id_c564eba6_fk_users_customuser_id; Type: FK CONSTRAINT; Schema: public; Owner: django_user
--

ALTER TABLE ONLY public.django_admin_log
    ADD CONSTRAINT django_admin_log_user_id_c564eba6_fk_users_customuser_id FOREIGN KEY (user_id) REFERENCES public.users_customuser(id) DEFERRABLE INITIALLY DEFERRED;


--
-- Name: users_customuser_groups users_customuser_gro_customuser_id_958147bf_fk_users_cus; Type: FK CONSTRAINT; Schema: public; Owner: django_user
--

ALTER TABLE ONLY public.users_customuser_groups
    ADD CONSTRAINT users_customuser_gro_customuser_id_958147bf_fk_users_cus FOREIGN KEY (customuser_id) REFERENCES public.users_customuser(id) DEFERRABLE INITIALLY DEFERRED;


--
-- Name: users_customuser_groups users_customuser_groups_group_id_01390b14_fk_auth_group_id; Type: FK CONSTRAINT; Schema: public; Owner: django_user
--

ALTER TABLE ONLY public.users_customuser_groups
    ADD CONSTRAINT users_customuser_groups_group_id_01390b14_fk_auth_group_id FOREIGN KEY (group_id) REFERENCES public.auth_group(id) DEFERRABLE INITIALLY DEFERRED;


--
-- Name: users_customuser_user_permissions users_customuser_use_customuser_id_5771478b_fk_users_cus; Type: FK CONSTRAINT; Schema: public; Owner: django_user
--

ALTER TABLE ONLY public.users_customuser_user_permissions
    ADD CONSTRAINT users_customuser_use_customuser_id_5771478b_fk_users_cus FOREIGN KEY (customuser_id) REFERENCES public.users_customuser(id) DEFERRABLE INITIALLY DEFERRED;


--
-- Name: users_customuser_user_permissions users_customuser_use_permission_id_baaa2f74_fk_auth_perm; Type: FK CONSTRAINT; Schema: public; Owner: django_user
--

ALTER TABLE ONLY public.users_customuser_user_permissions
    ADD CONSTRAINT users_customuser_use_permission_id_baaa2f74_fk_auth_perm FOREIGN KEY (permission_id) REFERENCES public.auth_permission(id) DEFERRABLE INITIALLY DEFERRED;


--
-- PostgreSQL database dump complete
--

