--
-- PostgreSQL database dump
--

-- Dumped from database version 13.0
-- Dumped by pg_dump version 13.0

-- Started on 2024-11-23 12:49:28 UTC

SET statement_timeout = 0;
SET lock_timeout = 0;
SET idle_in_transaction_session_timeout = 0;
SET client_encoding = 'UTF8';
SET standard_conforming_strings = on;
SELECT pg_catalog.set_config('search_path', '', false);
SET check_function_bodies = false;
SET xmloption = content;
SET client_min_messages = warning;
SET row_security = off;

SET default_tablespace = '';

SET default_table_access_method = heap;

--
-- TOC entry 225 (class 1259 OID 16568)
-- Name: applications_applications; Type: TABLE; Schema: public; Owner: django_user
--

CREATE TABLE public.applications_applications (
    id bigint NOT NULL,
    created_at timestamp with time zone NOT NULL,
    updated_at timestamp with time zone NOT NULL,
    cost integer NOT NULL,
    target_date date NOT NULL,
    inn_payer_id bigint NOT NULL,
    inn_recipient_id bigint NOT NULL,
    tg_user_id bigint NOT NULL,
    app_status character varying(200) NOT NULL
);


ALTER TABLE public.applications_applications OWNER TO django_user;

--
-- TOC entry 224 (class 1259 OID 16566)
-- Name: applications_applications_id_seq; Type: SEQUENCE; Schema: public; Owner: django_user
--

ALTER TABLE public.applications_applications ALTER COLUMN id ADD GENERATED BY DEFAULT AS IDENTITY (
    SEQUENCE NAME public.applications_applications_id_seq
    START WITH 1
    INCREMENT BY 1
    NO MINVALUE
    NO MAXVALUE
    CACHE 1
);


--
-- TOC entry 223 (class 1259 OID 16556)
-- Name: applications_companiespayer; Type: TABLE; Schema: public; Owner: django_user
--

CREATE TABLE public.applications_companiespayer (
    id bigint NOT NULL,
    created_at timestamp with time zone NOT NULL,
    updated_at timestamp with time zone NOT NULL,
    company_name_payer character varying(512),
    company_inn_payer character varying(10) NOT NULL,
    tg_user_id bigint NOT NULL
);


ALTER TABLE public.applications_companiespayer OWNER TO django_user;

--
-- TOC entry 222 (class 1259 OID 16554)
-- Name: applications_companiespayer_id_seq; Type: SEQUENCE; Schema: public; Owner: django_user
--

ALTER TABLE public.applications_companiespayer ALTER COLUMN id ADD GENERATED BY DEFAULT AS IDENTITY (
    SEQUENCE NAME public.applications_companiespayer_id_seq
    START WITH 1
    INCREMENT BY 1
    NO MINVALUE
    NO MAXVALUE
    CACHE 1
);


--
-- TOC entry 221 (class 1259 OID 16544)
-- Name: applications_companiesrecipient; Type: TABLE; Schema: public; Owner: django_user
--

CREATE TABLE public.applications_companiesrecipient (
    id bigint NOT NULL,
    created_at timestamp with time zone NOT NULL,
    updated_at timestamp with time zone NOT NULL,
    company_name_recipient character varying(512),
    company_inn_recipient character varying(12) NOT NULL,
    tg_user_id bigint NOT NULL
);


ALTER TABLE public.applications_companiesrecipient OWNER TO django_user;

--
-- TOC entry 220 (class 1259 OID 16542)
-- Name: applications_companiesrecipient_id_seq; Type: SEQUENCE; Schema: public; Owner: django_user
--

ALTER TABLE public.applications_companiesrecipient ALTER COLUMN id ADD GENERATED BY DEFAULT AS IDENTITY (
    SEQUENCE NAME public.applications_companiesrecipient_id_seq
    START WITH 1
    INCREMENT BY 1
    NO MINVALUE
    NO MAXVALUE
    CACHE 1
);


--
-- TOC entry 219 (class 1259 OID 16530)
-- Name: applications_telegamusers; Type: TABLE; Schema: public; Owner: django_user
--

CREATE TABLE public.applications_telegamusers (
    id bigint NOT NULL,
    created_at timestamp with time zone NOT NULL,
    updated_at timestamp with time zone NOT NULL,
    tg_username character varying(512) NOT NULL,
    tg_user_id text NOT NULL,
    name character varying(512),
    lastname character varying(512)
);


ALTER TABLE public.applications_telegamusers OWNER TO django_user;

--
-- TOC entry 218 (class 1259 OID 16528)
-- Name: applications_telegamusers_id_seq; Type: SEQUENCE; Schema: public; Owner: django_user
--

ALTER TABLE public.applications_telegamusers ALTER COLUMN id ADD GENERATED BY DEFAULT AS IDENTITY (
    SEQUENCE NAME public.applications_telegamusers_id_seq
    START WITH 1
    INCREMENT BY 1
    NO MINVALUE
    NO MAXVALUE
    CACHE 1
);


--
-- TOC entry 207 (class 1259 OID 16413)
-- Name: auth_group; Type: TABLE; Schema: public; Owner: django_user
--

CREATE TABLE public.auth_group (
    id integer NOT NULL,
    name character varying(150) NOT NULL
);


ALTER TABLE public.auth_group OWNER TO django_user;

--
-- TOC entry 206 (class 1259 OID 16411)
-- Name: auth_group_id_seq; Type: SEQUENCE; Schema: public; Owner: django_user
--

ALTER TABLE public.auth_group ALTER COLUMN id ADD GENERATED BY DEFAULT AS IDENTITY (
    SEQUENCE NAME public.auth_group_id_seq
    START WITH 1
    INCREMENT BY 1
    NO MINVALUE
    NO MAXVALUE
    CACHE 1
);


--
-- TOC entry 209 (class 1259 OID 16422)
-- Name: auth_group_permissions; Type: TABLE; Schema: public; Owner: django_user
--

CREATE TABLE public.auth_group_permissions (
    id bigint NOT NULL,
    group_id integer NOT NULL,
    permission_id integer NOT NULL
);


ALTER TABLE public.auth_group_permissions OWNER TO django_user;

--
-- TOC entry 208 (class 1259 OID 16420)
-- Name: auth_group_permissions_id_seq; Type: SEQUENCE; Schema: public; Owner: django_user
--

ALTER TABLE public.auth_group_permissions ALTER COLUMN id ADD GENERATED BY DEFAULT AS IDENTITY (
    SEQUENCE NAME public.auth_group_permissions_id_seq
    START WITH 1
    INCREMENT BY 1
    NO MINVALUE
    NO MAXVALUE
    CACHE 1
);


--
-- TOC entry 205 (class 1259 OID 16406)
-- Name: auth_permission; Type: TABLE; Schema: public; Owner: django_user
--

CREATE TABLE public.auth_permission (
    id integer NOT NULL,
    name character varying(255) NOT NULL,
    content_type_id integer NOT NULL,
    codename character varying(100) NOT NULL
);


ALTER TABLE public.auth_permission OWNER TO django_user;

--
-- TOC entry 204 (class 1259 OID 16404)
-- Name: auth_permission_id_seq; Type: SEQUENCE; Schema: public; Owner: django_user
--

ALTER TABLE public.auth_permission ALTER COLUMN id ADD GENERATED BY DEFAULT AS IDENTITY (
    SEQUENCE NAME public.auth_permission_id_seq
    START WITH 1
    INCREMENT BY 1
    NO MINVALUE
    NO MAXVALUE
    CACHE 1
);


--
-- TOC entry 217 (class 1259 OID 16507)
-- Name: django_admin_log; Type: TABLE; Schema: public; Owner: django_user
--

CREATE TABLE public.django_admin_log (
    id integer NOT NULL,
    action_time timestamp with time zone NOT NULL,
    object_id text,
    object_repr character varying(200) NOT NULL,
    action_flag smallint NOT NULL,
    change_message text NOT NULL,
    content_type_id integer,
    user_id bigint NOT NULL,
    CONSTRAINT django_admin_log_action_flag_check CHECK ((action_flag >= 0))
);


ALTER TABLE public.django_admin_log OWNER TO django_user;

--
-- TOC entry 216 (class 1259 OID 16505)
-- Name: django_admin_log_id_seq; Type: SEQUENCE; Schema: public; Owner: django_user
--

ALTER TABLE public.django_admin_log ALTER COLUMN id ADD GENERATED BY DEFAULT AS IDENTITY (
    SEQUENCE NAME public.django_admin_log_id_seq
    START WITH 1
    INCREMENT BY 1
    NO MINVALUE
    NO MAXVALUE
    CACHE 1
);


--
-- TOC entry 203 (class 1259 OID 16397)
-- Name: django_content_type; Type: TABLE; Schema: public; Owner: django_user
--

CREATE TABLE public.django_content_type (
    id integer NOT NULL,
    app_label character varying(100) NOT NULL,
    model character varying(100) NOT NULL
);


ALTER TABLE public.django_content_type OWNER TO django_user;

--
-- TOC entry 202 (class 1259 OID 16395)
-- Name: django_content_type_id_seq; Type: SEQUENCE; Schema: public; Owner: django_user
--

ALTER TABLE public.django_content_type ALTER COLUMN id ADD GENERATED BY DEFAULT AS IDENTITY (
    SEQUENCE NAME public.django_content_type_id_seq
    START WITH 1
    INCREMENT BY 1
    NO MINVALUE
    NO MAXVALUE
    CACHE 1
);


--
-- TOC entry 201 (class 1259 OID 16387)
-- Name: django_migrations; Type: TABLE; Schema: public; Owner: django_user
--

CREATE TABLE public.django_migrations (
    id bigint NOT NULL,
    app character varying(255) NOT NULL,
    name character varying(255) NOT NULL,
    applied timestamp with time zone NOT NULL
);


ALTER TABLE public.django_migrations OWNER TO django_user;

--
-- TOC entry 200 (class 1259 OID 16385)
-- Name: django_migrations_id_seq; Type: SEQUENCE; Schema: public; Owner: django_user
--

ALTER TABLE public.django_migrations ALTER COLUMN id ADD GENERATED BY DEFAULT AS IDENTITY (
    SEQUENCE NAME public.django_migrations_id_seq
    START WITH 1
    INCREMENT BY 1
    NO MINVALUE
    NO MAXVALUE
    CACHE 1
);


--
-- TOC entry 226 (class 1259 OID 16606)
-- Name: django_session; Type: TABLE; Schema: public; Owner: django_user
--

CREATE TABLE public.django_session (
    session_key character varying(40) NOT NULL,
    session_data text NOT NULL,
    expire_date timestamp with time zone NOT NULL
);


ALTER TABLE public.django_session OWNER TO django_user;

--
-- TOC entry 211 (class 1259 OID 16455)
-- Name: users_customuser; Type: TABLE; Schema: public; Owner: django_user
--

CREATE TABLE public.users_customuser (
    id bigint NOT NULL,
    password character varying(128) NOT NULL,
    last_login timestamp with time zone,
    is_superuser boolean NOT NULL,
    email character varying(254) NOT NULL,
    is_staff boolean NOT NULL,
    is_active boolean NOT NULL,
    date_joined timestamp with time zone NOT NULL
);


ALTER TABLE public.users_customuser OWNER TO django_user;

--
-- TOC entry 213 (class 1259 OID 16464)
-- Name: users_customuser_groups; Type: TABLE; Schema: public; Owner: django_user
--

CREATE TABLE public.users_customuser_groups (
    id bigint NOT NULL,
    customuser_id bigint NOT NULL,
    group_id integer NOT NULL
);


ALTER TABLE public.users_customuser_groups OWNER TO django_user;

--
-- TOC entry 212 (class 1259 OID 16462)
-- Name: users_customuser_groups_id_seq; Type: SEQUENCE; Schema: public; Owner: django_user
--

ALTER TABLE public.users_customuser_groups ALTER COLUMN id ADD GENERATED BY DEFAULT AS IDENTITY (
    SEQUENCE NAME public.users_customuser_groups_id_seq
    START WITH 1
    INCREMENT BY 1
    NO MINVALUE
    NO MAXVALUE
    CACHE 1
);


--
-- TOC entry 210 (class 1259 OID 16453)
-- Name: users_customuser_id_seq; Type: SEQUENCE; Schema: public; Owner: django_user
--

ALTER TABLE public.users_customuser ALTER COLUMN id ADD GENERATED BY DEFAULT AS IDENTITY (
    SEQUENCE NAME public.users_customuser_id_seq
    START WITH 1
    INCREMENT BY 1
    NO MINVALUE
    NO MAXVALUE
    CACHE 1
);


--
-- TOC entry 215 (class 1259 OID 16471)
-- Name: users_customuser_user_permissions; Type: TABLE; Schema: public; Owner: django_user
--

CREATE TABLE public.users_customuser_user_permissions (
    id bigint NOT NULL,
    customuser_id bigint NOT NULL,
    permission_id integer NOT NULL
);


ALTER TABLE public.users_customuser_user_permissions OWNER TO django_user;

--
-- TOC entry 214 (class 1259 OID 16469)
-- Name: users_customuser_user_permissions_id_seq; Type: SEQUENCE; Schema: public; Owner: django_user
--

ALTER TABLE public.users_customuser_user_permissions ALTER COLUMN id ADD GENERATED BY DEFAULT AS IDENTITY (
    SEQUENCE NAME public.users_customuser_user_permissions_id_seq
    START WITH 1
    INCREMENT BY 1
    NO MINVALUE
    NO MAXVALUE
    CACHE 1
);


--
-- TOC entry 3173 (class 0 OID 16568)
-- Dependencies: 225
-- Data for Name: applications_applications; Type: TABLE DATA; Schema: public; Owner: django_user
--

COPY public.applications_applications (id, created_at, updated_at, cost, target_date, inn_payer_id, inn_recipient_id, tg_user_id, app_status) FROM stdin;
6	2024-06-25 16:56:26.323225+00	2024-06-25 16:56:26.323246+00	8	2025-01-20	2	3	2	Новая
7	2024-06-27 07:20:15.885041+00	2024-06-27 07:20:15.885063+00	12	2024-10-20	2	3	2	Новая
10	2024-06-27 09:06:30.45546+00	2024-06-27 09:06:30.455482+00	709300	2024-06-28	5	4	5	Новая
14	2024-06-27 09:45:05.694+00	2024-06-27 09:45:05.694018+00	328460	2024-06-28	5	6	5	Новая
15	2024-06-27 09:46:02.16471+00	2024-06-27 09:46:02.164728+00	22375	2024-06-28	5	6	5	Новая
16	2024-06-27 09:49:23.552962+00	2024-06-27 09:49:23.552978+00	709300	2024-06-28	5	4	5	Новая
18	2024-06-27 11:26:15.885636+00	2024-06-27 11:26:15.885656+00	318400	2024-06-28	5	4	5	Новая
25	2024-07-02 11:59:31.741558+00	2024-07-02 11:59:31.741584+00	200	2025-01-12	1	4	1	Новая
26	2024-07-02 12:06:48.633818+00	2024-07-02 12:06:48.633842+00	2000	2025-01-20	1	4	1	Новая
27	2024-07-02 12:07:14.267462+00	2024-07-02 12:07:14.267483+00	200	2025-01-20	1	4	1	Новая
29	2024-07-02 13:08:50.582913+00	2024-07-02 13:08:50.582935+00	400000	2024-07-05	9	9	8	Новая
30	2024-07-05 12:04:51.640584+00	2024-07-05 12:04:51.640611+00	300000	2024-07-05	10	10	10	Новая
31	2024-07-08 05:01:19.783393+00	2024-07-08 05:01:19.78341+00	541000	2024-07-08	11	11	11	Новая
32	2024-07-09 09:08:47.398639+00	2024-07-09 09:08:47.398657+00	420000	2024-07-15	12	12	12	Новая
33	2024-07-09 12:34:09.862368+00	2024-07-09 12:34:09.862388+00	521000	2024-07-10	11	13	11	Новая
34	2024-07-09 13:52:05.553373+00	2024-07-09 13:52:05.553395+00	2000	2025-10-20	1	1	1	Новая
35	2024-07-09 13:52:18.588788+00	2024-07-09 13:52:18.588813+00	2000	2025-10-20	1	1	1	Новая
36	2024-07-09 14:41:54.749886+00	2024-07-09 14:41:54.749903+00	100000	2024-07-09	10	10	10	Новая
37	2024-07-13 14:06:21.290946+00	2024-07-13 14:06:21.290967+00	1000	2025-10-20	1	4	1	Новая
38	2024-07-13 14:06:37.930022+00	2024-07-13 14:06:37.930044+00	120	2025-10-20	1	4	1	Новая
39	2024-07-15 04:06:45.633832+00	2024-07-15 04:06:45.633855+00	333200	2024-07-15	13	6	5	Новая
40	2024-07-15 04:10:49.371585+00	2024-07-15 04:10:49.371606+00	300000	2024-07-15	13	4	5	Новая
41	2024-07-15 14:59:43.764268+00	2024-07-15 14:59:43.764289+00	500000	2024-07-16	13	4	5	Новая
42	2024-07-17 10:59:32.992948+00	2024-07-17 10:59:32.992969+00	500000	2024-07-18	14	14	13	Новая
43	2024-07-17 11:00:36.625106+00	2024-07-17 11:00:36.625142+00	300000	2024-07-18	14	15	13	Новая
44	2024-07-18 12:43:29.051764+00	2024-07-18 12:43:29.051786+00	280000	2024-07-19	16	17	15	Новая
45	2024-07-18 13:20:42.318988+00	2024-07-18 13:20:42.31901+00	500000	2024-07-19	14	18	13	Новая
46	2024-07-23 12:29:16.388017+00	2024-07-23 12:29:16.388034+00	120000	2024-07-24	16	17	15	Новая
47	2024-07-25 05:19:45.218338+00	2024-07-25 05:19:45.218354+00	200000	2024-07-26	17	19	16	Новая
48	2024-07-25 06:32:12.528848+00	2024-07-25 06:32:12.528865+00	333800	2024-07-31	13	6	5	Новая
49	2024-07-25 06:33:38.477203+00	2024-07-25 06:33:38.47722+00	475000	2024-07-31	13	4	5	Новая
50	2024-07-29 11:30:46.713399+00	2024-07-29 11:30:46.713421+00	250000	2024-07-29	10	10	10	Новая
51	2024-07-31 09:28:56.469897+00	2024-07-31 09:28:56.469918+00	250000	2024-07-31	10	10	10	Новая
52	2024-07-31 17:54:32.38938+00	2024-07-31 17:54:32.389395+00	2000000	2024-08-20	15	16	14	Новая
53	2024-08-01 07:56:11.579823+00	2024-08-01 07:56:11.579844+00	300000	2024-08-02	16	17	15	Новая
54	2024-08-01 08:48:07.661655+00	2024-08-01 08:48:07.66167+00	160000	2024-08-05	18	20	17	Новая
55	2024-08-01 13:17:24.205614+00	2024-08-01 13:17:24.20563+00	500000	2024-08-02	13	4	5	Новая
56	2024-08-05 11:31:28.926694+00	2024-08-05 11:31:28.926715+00	200000	2024-08-05	10	10	10	Новая
57	2024-08-05 11:32:04.865478+00	2024-08-05 11:32:04.865496+00	200000	2024-08-05	10	10	10	Новая
58	2024-08-05 11:32:41.120235+00	2024-08-05 11:32:41.120252+00	100000	2024-08-05	10	10	10	Новая
59	2024-08-05 14:59:25.996088+00	2024-08-05 14:59:25.99611+00	341000	2024-08-08	18	20	17	Новая
60	2024-08-06 09:21:40.822858+00	2024-08-06 09:21:40.822881+00	250000	2024-08-07	17	19	16	Новая
61	2024-08-06 10:05:17.487234+00	2024-08-06 10:05:17.487252+00	120000	2024-08-08	16	17	15	Новая
62	2024-08-09 13:45:17.577158+00	2024-08-09 13:45:17.57718+00	760000	2024-08-12	14	21	13	Новая
63	2024-08-12 05:22:00.670369+00	2024-08-12 05:22:00.670386+00	120000	2024-08-12	19	22	3	Новая
64	2024-08-12 09:19:40.386227+00	2024-08-12 09:19:40.386248+00	397000	2024-08-14	13	6	18	Новая
65	2024-08-12 10:12:56.758865+00	2024-08-12 10:12:56.758882+00	200000	2024-08-12	20	10	10	Новая
66	2024-08-12 10:13:43.739756+00	2024-08-12 10:13:43.739773+00	200000	2024-08-12	20	10	10	Новая
67	2024-08-12 16:00:22.107948+00	2024-08-12 16:00:22.10797+00	800000	2024-08-14	13	4	18	Новая
68	2024-08-13 09:02:39.288415+00	2024-08-13 09:02:39.288435+00	580000	2024-08-20	12	12	12	Новая
69	2024-08-14 06:59:23.117586+00	2024-08-14 06:59:23.117608+00	598000	2024-08-15	19	22	3	Новая
70	2024-08-14 10:01:30.969839+00	2024-08-14 10:01:30.969861+00	150000	2024-08-14	20	10	10	Новая
71	2024-08-14 11:04:46.657787+00	2024-08-14 11:04:46.657816+00	600000	2024-08-16	21	23	19	Новая
72	2024-08-15 11:52:49.414997+00	2024-08-15 11:52:49.415015+00	700000	2024-08-19	22	24	20	Новая
73	2024-08-19 08:38:51.056401+00	2024-08-19 08:38:51.056424+00	150000	2024-08-19	17	19	16	Новая
74	2024-08-23 09:00:11.446439+00	2024-08-23 09:00:11.446461+00	100000	2025-08-27	16	17	15	Новая
75	2024-08-23 11:11:12.505071+00	2024-08-23 11:11:12.505093+00	100000	2024-08-27	23	25	21	Новая
76	2024-08-26 04:16:38.186523+00	2024-08-26 04:16:38.186541+00	185000	2024-08-26	17	19	16	Новая
77	2024-08-26 08:57:07.566369+00	2024-08-26 08:57:07.566386+00	200000	2024-08-26	20	10	10	Новая
78	2024-08-26 08:57:36.84294+00	2024-08-26 08:57:36.842958+00	200000	2024-08-26	20	10	10	Новая
79	2024-08-28 10:33:26.806492+00	2024-08-28 10:33:26.806515+00	333700	2024-08-30	13	6	5	Новая
80	2024-08-28 10:34:44.162022+00	2024-08-28 10:34:44.162043+00	660500	2024-08-30	13	4	5	Новая
81	2024-08-30 05:05:30.042287+00	2024-08-30 05:05:30.042306+00	330000	2024-09-04	16	17	15	Новая
82	2024-09-02 12:07:20.444057+00	2024-09-02 12:07:20.444075+00	1000000	2024-09-08	11	11	11	Новая
83	2024-09-02 12:08:05.100418+00	2024-09-02 12:08:05.100434+00	1000000	2024-09-10	11	13	11	Новая
84	2024-09-02 12:50:25.730378+00	2024-09-02 12:50:25.730396+00	180000	2024-09-05	18	20	17	Новая
85	2024-09-02 13:00:46.522985+00	2024-09-02 13:00:46.523003+00	200000	2024-09-02	20	10	10	Новая
86	2024-09-02 13:49:35.875112+00	2024-09-02 13:49:35.875133+00	1100000	2024-09-04	14	26	13	Новая
87	2024-09-03 07:13:53.671433+00	2024-09-03 07:13:53.671454+00	400000	2024-09-03	13	4	5	Новая
88	2024-09-04 12:28:26.249889+00	2024-09-04 12:28:26.249913+00	1200000	2024-09-06	14	14	13	Новая
89	2024-09-04 12:29:01.066085+00	2024-09-04 12:29:01.066107+00	1000000	2024-09-06	14	18	13	Новая
90	2024-09-05 06:41:22.210051+00	2024-09-05 06:41:22.210073+00	100000	2024-09-05	13	6	5	Новая
91	2024-09-05 07:41:37.726765+00	2024-09-05 07:41:37.726783+00	200000	2024-09-05	20	10	10	Новая
92	2024-09-05 07:42:21.185826+00	2024-09-05 07:42:21.185843+00	150000	2024-09-05	20	10	10	Новая
93	2024-09-05 08:49:15.466888+00	2024-09-05 08:49:15.466906+00	285000	2024-09-05	17	19	16	Новая
94	2024-09-05 12:33:09.154678+00	2024-09-05 12:33:09.154696+00	400000	2024-09-10	9	9	8	Новая
95	2024-09-06 06:23:22.719079+00	2024-09-06 06:23:22.719098+00	800000	2024-09-09	19	22	3	Новая
96	2024-09-06 17:25:47.227254+00	2024-09-06 17:25:47.227276+00	300000	2024-09-10	18	20	17	Новая
97	2024-09-10 08:03:55.029047+00	2024-09-10 08:03:55.029069+00	250000	2024-09-10	10	10	10	Новая
98	2024-09-10 12:03:14.022373+00	2024-09-10 12:03:14.02239+00	173040	2024-09-11	23	25	21	Новая
100	2024-09-13 06:14:34.694028+00	2024-09-13 06:14:34.694052+00	980000	2024-09-13	13	4	5	Новая
101	2024-09-13 09:48:48.438768+00	2024-09-13 09:48:48.438787+00	300000	2024-09-18	16	17	15	Новая
102	2024-09-24 14:40:13.035852+00	2024-09-24 14:40:13.035878+00	200000	2024-09-24	10	10	10	Новая
103	2024-09-24 14:40:43.137848+00	2024-09-24 14:40:43.13787+00	90000	2024-09-24	10	10	10	Новая
104	2024-09-25 13:24:26.868777+00	2024-09-25 13:24:26.868794+00	950000	2024-09-30	22	24	20	Новая
105	2024-09-26 04:47:29.949853+00	2024-09-26 04:47:29.949875+00	350000	2024-09-26	17	19	16	Новая
106	2024-09-26 10:23:01.085922+00	2024-09-26 10:23:01.085944+00	150000	2024-09-26	13	6	5	Новая
107	2024-09-27 05:13:20.468098+00	2024-09-27 05:13:20.468119+00	90000	2024-10-02	18	20	17	Новая
108	2024-09-27 05:18:07.623262+00	2024-09-27 05:18:07.623284+00	160000	2024-10-04	18	20	17	Новая
109	2024-09-30 05:36:42.673669+00	2024-09-30 05:36:42.67369+00	139200	2024-09-30	13	6	5	Новая
5	2024-06-25 16:55:00.302336+00	2024-10-23 13:24:31.500954+00	8	2024-10-20	2	2	2	Выполнена
24	2024-07-02 11:59:16.844055+00	2024-10-23 13:48:27.594369+00	200	2025-01-12	1	1	1	В работе
28	2024-07-02 12:45:12.553598+00	2024-10-23 15:39:30.73482+00	2000	2025-10-16	8	8	1	Новая
99	2024-09-13 06:12:57.256149+00	2024-10-29 16:43:06.83347+00	300000	2024-09-13	13	6	5	Новая
110	2024-09-30 05:38:17.907351+00	2024-09-30 05:38:17.907379+00	345000	2024-09-30	13	4	5	Новая
111	2024-09-30 10:22:16.662578+00	2024-09-30 10:22:16.662596+00	250000	2024-09-30	10	10	10	Новая
112	2024-10-01 12:20:53.213396+00	2024-10-01 12:20:53.213415+00	750000	2024-10-03	14	14	13	Новая
113	2024-10-02 11:23:35.430837+00	2024-10-02 11:23:35.430858+00	1300000	2024-10-03	24	27	24	Новая
114	2024-10-03 06:57:31.204255+00	2024-10-03 06:57:31.204278+00	150000	2024-10-03	10	10	10	Новая
115	2024-10-03 12:13:42.636524+00	2024-10-03 12:13:42.636541+00	245000	2024-10-04	16	17	15	Новая
116	2024-10-03 12:53:08.452743+00	2024-10-03 12:53:08.452765+00	296000	2024-10-04	23	25	21	Новая
117	2024-10-04 06:35:34.634307+00	2024-10-04 06:35:34.634325+00	200000	2024-10-04	10	10	10	Новая
118	2024-10-07 09:02:55.29089+00	2024-10-07 09:02:55.290911+00	800000	2024-10-10	25	27	24	Новая
119	2024-10-07 10:22:37.464923+00	2024-10-07 10:22:37.464944+00	296000	2024-10-08	14	15	13	Новая
120	2024-10-07 12:18:11.318781+00	2024-10-07 12:18:11.318803+00	200000	2024-10-07	10	10	10	Новая
121	2024-10-07 12:18:38.977714+00	2024-10-07 12:18:38.977735+00	150000	2024-10-07	10	10	10	Новая
122	2024-10-07 12:19:08.879629+00	2024-10-07 12:19:08.879652+00	200000	2024-10-07	20	10	10	Новая
123	2024-10-07 12:19:39.822909+00	2024-10-07 12:19:39.822929+00	150000	2024-10-07	20	10	10	Новая
124	2024-10-07 15:16:39.607937+00	2024-10-07 15:16:39.607954+00	126400	2024-10-07	26	28	26	Новая
125	2024-10-08 04:36:19.639283+00	2024-10-08 04:36:19.639305+00	500000	2024-10-08	17	19	16	Новая
126	2024-10-08 10:49:52.491028+00	2024-10-08 10:49:52.491045+00	1000000	2024-10-10	14	18	13	Новая
127	2024-10-09 08:47:39.314666+00	2024-10-09 08:47:39.314688+00	150000	2024-10-09	10	10	10	Новая
128	2024-10-09 09:03:42.910516+00	2024-10-09 09:03:42.910534+00	980000	2024-10-11	14	21	13	Новая
129	2024-10-09 13:25:07.088546+00	2024-10-09 13:25:07.088568+00	200000	2024-10-10	27	30	26	Новая
130	2024-10-09 17:02:49.904068+00	2024-10-09 17:02:49.90409+00	247000	2024-10-11	18	20	17	Новая
131	2024-10-11 08:50:39.501078+00	2024-10-11 08:50:39.501101+00	150000	2024-10-11	10	10	10	Новая
132	2024-10-11 09:49:09.210506+00	2024-10-11 09:49:09.210527+00	300000	2024-10-15	27	30	26	Новая
133	2024-10-15 06:31:24.478088+00	2024-10-15 06:31:24.478105+00	665000	2024-10-15	13	4	5	Новая
134	2024-10-15 07:20:55.825649+00	2024-10-15 07:20:55.825671+00	500000	2024-10-16	28	31	27	Новая
135	2024-10-15 07:23:05.497508+00	2024-10-15 07:23:05.497531+00	500000	2024-10-17	9	9	8	Новая
136	2024-10-15 07:36:56.055967+00	2024-10-15 07:38:04.515783+00	123091	2024-10-20	2	3	2	Счёт в оплате
137	2024-10-15 13:39:27.215447+00	2024-10-15 13:39:27.215463+00	171000	2024-10-17	14	32	13	Новая
138	2024-10-15 15:54:34.936706+00	2024-10-15 15:54:34.936728+00	250000	2024-10-15	10	10	10	Новая
139	2024-10-15 15:54:57.82831+00	2024-10-15 15:54:57.828333+00	250000	2024-10-15	10	10	10	Новая
140	2024-10-15 15:55:21.498519+00	2024-10-15 15:55:21.498541+00	250000	2024-10-15	10	10	10	Новая
141	2024-10-15 15:55:48.89118+00	2024-10-15 15:55:48.891203+00	250000	2024-10-15	10	10	10	Новая
142	2024-10-16 13:09:19.267658+00	2024-10-16 13:09:19.267679+00	2000	2025-10-20	1	4	1	Новая
143	2024-10-17 20:55:59.659442+00	2024-10-17 20:55:59.659464+00	320000	2024-10-19	16	17	15	Новая
1	2024-06-25 11:24:03.89902+00	2024-10-29 16:33:43.676566+00	2200	2025-04-24	1	1	1	В работе
146	2024-10-22 08:05:00.935023+00	2024-10-22 08:05:00.935044+00	200000	2024-10-22	17	19	16	Новая
147	2024-10-22 16:57:55.342555+00	2024-10-22 16:57:55.342578+00	2000000	2024-12-20	8	4	1	Новая
167	2024-11-01 16:36:27.883274+00	2024-11-05 20:24:15.510956+00	350000	2024-11-04	16	17	15	Выполнена
166	2024-10-29 13:11:01.63558+00	2024-11-05 20:39:15.936536+00	1000000	2024-10-31	14	18	13	Выполнена
145	2024-10-21 15:36:36.179764+00	2024-10-23 13:25:00.500946+00	45	2024-10-20	2	3	2	Выполнена
144	2024-10-21 08:02:08.550507+00	2024-10-23 13:25:26.869316+00	350000	2024-10-23	11	11	11	Выполнена
165	2024-10-29 13:10:36.28905+00	2024-11-05 20:39:16.487526+00	390000	2024-10-31	14	15	13	Выполнена
164	2024-10-29 13:08:38.976339+00	2024-11-05 20:39:16.9813+00	1200000	2024-10-31	14	14	13	Выполнена
163	2024-10-29 13:05:43.821379+00	2024-11-05 20:39:17.46197+00	970000	2024-10-31	14	26	13	Выполнена
154	2024-10-28 08:19:09.528095+00	2024-11-05 20:40:20.440466+00	1000000	2024-10-30	30	33	28	Выполнена
23	2024-07-02 11:55:09.360822+00	2024-10-23 13:50:59.429216+00	200	2025-12-27	1	1	1	Выполнена
148	2024-10-23 13:26:00.677944+00	2024-10-23 13:52:37.722988+00	450500	2024-10-31	2	3	2	Новая
162	2024-10-29 13:04:58.594476+00	2024-11-05 20:40:15.923112+00	1200000	2024-10-31	14	21	13	Выполнена
149	2024-10-23 15:16:33.313751+00	2024-10-23 15:40:32.267206+00	200	2024-10-10	1	1	1	В работе
150	2024-10-23 15:40:42.435096+00	2024-10-23 15:41:28.511166+00	200	2024-10-10	1	1	1	В работе
151	2024-10-23 17:13:28.720049+00	2024-10-23 17:13:28.720068+00	65000	2024-10-24	29	1	2	Новая
161	2024-10-29 05:06:07.442112+00	2024-11-05 20:40:16.545492+00	100000	2024-10-29	17	19	16	Выполнена
160	2024-10-28 16:35:33.779811+00	2024-11-05 20:40:17.193721+00	500000	2024-10-30	28	31	27	Выполнена
159	2024-10-28 14:10:15.444187+00	2024-11-05 20:40:17.803191+00	500000	2025-10-29	9	9	8	Выполнена
158	2024-10-28 12:54:19.55435+00	2024-11-05 20:40:18.293541+00	150000	2024-10-28	10	10	10	Выполнена
157	2024-10-28 12:52:54.690319+00	2024-11-05 20:40:18.782143+00	150000	2024-10-28	10	10	10	Выполнена
156	2024-10-28 11:17:42.366789+00	2024-11-05 20:40:19.313534+00	326500	2024-10-31	18	20	17	Выполнена
155	2024-10-28 10:41:34.174775+00	2024-11-05 20:40:19.853778+00	1300000	2024-10-30	22	24	20	Выполнена
153	2024-10-28 05:09:12.889428+00	2024-11-05 20:41:15.914677+00	150000	2024-10-28	16	17	15	Выполнена
170	2024-11-06 14:57:11.229405+00	2024-11-14 16:33:22.493624+00	200000	2024-11-06	20	10	10	Выполнена
172	2024-11-06 14:58:10.736599+00	2024-11-14 16:33:23.001938+00	200000	2024-11-06	20	10	10	Выполнена
173	2024-11-07 06:30:27.662858+00	2024-11-14 16:33:23.638426+00	400000	2024-11-07	17	19	16	Выполнена
168	2024-11-02 17:19:08.635482+00	2024-11-07 10:20:50.844775+00	306000	2024-11-06	23	25	21	Выполнена
174	2024-11-11 07:32:03.633638+00	2024-11-11 08:18:29.048584+00	572000	2024-11-15	18	20	17	В работе
175	2024-11-12 06:51:29.26822+00	2024-11-13 07:04:12.580617+00	380789	2024-11-15	12	34	12	Выполнена
169	2024-11-06 03:42:57.655574+00	2024-11-14 16:32:22.864163+00	500000	2024-11-06	28	31	27	Выполнена
181	2024-11-14 09:41:11.897395+00	2024-11-14 09:41:11.897415+00	200000	2024-11-14	20	10	10	Новая
182	2024-11-15 12:01:27.908609+00	2024-11-19 17:32:30.296289+00	1200000	2024-11-18	14	21	13	Выполнена
180	2024-11-13 08:39:20.068112+00	2024-11-14 16:29:22.936582+00	150000	2024-11-14	31	22	3	В работе
178	2024-11-12 22:19:26.767289+00	2024-11-14 16:32:22.301996+00	350000	2024-11-15	11	11	11	Выполнена
171	2024-11-06 14:57:44.820469+00	2024-11-14 16:32:23.360966+00	200000	2024-11-06	20	10	10	Выполнена
184	2024-11-17 09:15:57.644111+00	2024-11-19 17:32:30.830535+00	500000	2024-11-19	28	31	27	Выполнена
187	2024-11-20 11:00:55.17079+00	2024-11-20 11:00:55.170811+00	100000	2024-11-20	17	19	16	Новая
179	2024-11-13 08:27:13.121015+00	2024-11-19 17:32:29.689731+00	2500000	2024-11-27	30	33	28	Выполнена
186	2024-11-19 16:22:54.744588+00	2024-11-21 12:09:08.287551+00	600000	2024-11-22	18	20	17	Новая
188	2024-11-20 11:55:19.296869+00	2024-11-20 11:55:19.296887+00	200000	2024-11-20	20	10	10	Новая
189	2024-11-21 07:02:22.88661+00	2024-11-21 07:02:22.886631+00	200000	2024-11-21	20	10	10	Новая
190	2024-11-21 07:02:47.02412+00	2024-11-21 07:02:47.024147+00	200000	2024-11-21	20	10	10	Новая
191	2024-11-21 07:03:11.066672+00	2024-11-21 07:03:11.066695+00	200000	2024-11-21	20	10	10	Новая
185	2024-11-18 11:55:10.314951+00	2024-11-21 11:52:08.653668+00	1000000	2025-11-23	9	9	8	Выполнена
192	2024-11-21 11:56:49.904259+00	2024-11-21 11:56:49.904277+00	485000	2024-11-21	13	4	5	Новая
193	2024-11-21 11:57:28.076961+00	2024-11-21 11:57:28.076977+00	202584	2024-11-21	13	35	5	Новая
194	2024-11-21 14:20:47.202617+00	2024-11-21 14:20:47.202634+00	100000	2024-11-22	16	17	15	Новая
195	2024-11-22 18:26:58.248063+00	2024-11-22 18:26:58.248083+00	500000	2024-11-26	28	31	27	Новая
\.


--
-- TOC entry 3171 (class 0 OID 16556)
-- Dependencies: 223
-- Data for Name: applications_companiespayer; Type: TABLE DATA; Schema: public; Owner: django_user
--

COPY public.applications_companiespayer (id, created_at, updated_at, company_name_payer, company_inn_payer, tg_user_id) FROM stdin;
1	2024-06-25 11:21:11.111082+00	2024-06-25 11:21:11.111104+00	ООО "ФПБ ГАРДИУМ"	7721854322	1
2	2024-06-25 12:41:17.904084+00	2024-06-25 12:41:17.904106+00	ООО "ТНК"	2310175491	2
5	2024-06-27 09:03:59.574247+00	2024-06-27 09:03:59.57427+00	ООО 'КОМПЛИЦЕРТЕ ТЕХ'	7718952930	5
8	2024-07-02 12:44:53.145318+00	2024-07-02 12:44:53.145339+00	\N	1234567890	1
9	2024-07-02 13:06:22.116317+00	2024-07-02 13:06:22.116335+00	ООО "БУМ ИНЖИНИРИНГ"	9710049198	8
10	2024-07-05 12:03:59.546258+00	2024-07-05 12:03:59.546279+00	ООО "ПРОФЕССИОНАЛЬНЫЕ ХОЛОДИЛЬНЫЕ РЕШЕНИЯ"	9718188612	10
11	2024-07-05 15:08:56.243174+00	2024-07-05 15:08:56.243192+00	ООО "СКАЙЭНЕРГО"	4025414956	11
12	2024-07-09 09:07:26.460226+00	2024-07-09 09:07:26.460251+00	ООО "А-К-С"	7806292344	12
13	2024-07-11 06:40:21.202385+00	2024-07-11 06:40:21.202408+00	ООО "КТ ГРУПП"	9710069518	5
14	2024-07-17 10:59:08.743156+00	2024-07-17 10:59:08.743174+00	ООО "ПЛАНЕТА ТВОРЧЕСТВА"	7728375424	13
15	2024-07-17 11:05:47.707122+00	2024-07-17 11:05:47.707145+00	ООО "ЭКОЛАБОРАТОРИЯ"	7722338698	14
16	2024-07-18 12:42:38.454008+00	2024-07-18 12:42:38.45403+00	ООО "СТИЛТ-ИТИЛ"	6320069267	15
17	2024-07-25 05:13:38.760751+00	2024-07-25 05:13:38.760768+00	ООО "ЕЧИПС ИМПОРТ"	7449130047	16
18	2024-08-01 08:40:45.302714+00	2024-08-01 08:40:45.30273+00	ООО "ТЕХНОВИК"	7705914260	17
19	2024-08-12 05:20:51.663998+00	2024-08-12 05:20:51.664019+00	ООО СЗ "РАЗУМ НА ЗВЕЗДНОЙ"	3000009640	3
20	2024-08-12 10:12:22.336502+00	2024-08-12 10:12:22.336519+00	ООО "ГОЛДХОЛОД"	7704349908	10
21	2024-08-14 11:03:24.711284+00	2024-08-14 11:03:24.711311+00	ООО "СОФТМЕДИАЛАБ"	6658472405	19
22	2024-08-15 11:52:04.272312+00	2024-08-15 11:52:04.272329+00	ООО "НДМ ТРЕЙД"	7714939790	20
23	2024-08-23 11:02:40.900461+00	2024-08-23 11:02:40.900484+00	ООО "ПОЗИТИВ"	5034054412	21
24	2024-10-02 10:37:35.472525+00	2024-10-02 10:37:35.472545+00	ООО "ИНКАТО"	7802384749	24
25	2024-10-07 09:02:11.554635+00	2024-10-07 09:02:11.554656+00	ООО "МАВИТЕК"	7802761771	24
26	2024-10-07 15:15:48.18163+00	2024-10-07 15:15:48.181647+00	ООО "ДИЗАЙНСОАП"	7713661743	26
27	2024-10-09 13:24:29.394397+00	2024-10-09 13:24:29.394419+00	ООО "ГРИНКОСРИТЕЙЛ"	9709100361	26
28	2024-10-15 07:20:22.523132+00	2024-10-15 07:20:22.523151+00	ООО "АЛЬТИКА М"	5024072275	27
29	2024-10-23 17:12:40.573143+00	2024-10-23 17:12:40.573164+00	ООО "ЮРАЙТ"	7721787940	2
30	2024-10-28 08:17:54.103397+00	2024-10-28 08:17:54.103418+00	ООО "ЦИТ БАРС"	1809905140	28
31	2024-11-13 08:39:02.476328+00	2024-11-13 08:39:02.476346+00	ООО СЗ "РАЗУМ-БОЕВАЯ"	3000006520	3
\.


--
-- TOC entry 3169 (class 0 OID 16544)
-- Dependencies: 221
-- Data for Name: applications_companiesrecipient; Type: TABLE DATA; Schema: public; Owner: django_user
--

COPY public.applications_companiesrecipient (id, created_at, updated_at, company_name_recipient, company_inn_recipient, tg_user_id) FROM stdin;
1	2024-06-25 11:21:23.779399+00	2024-06-25 11:21:23.779416+00	ИП Бердинских Борис Александрович	772210113110	1
2	2024-06-25 12:41:41.429801+00	2024-06-25 12:41:41.42982+00	ИП Голубинский Александр Вадимович	861200096950	2
3	2024-06-25 16:56:24.082396+00	2024-06-25 16:56:24.082416+00	ИП Абрамов Александр Юрьевич	503228672626	2
4	2024-06-27 07:53:41.672167+00	2024-06-27 07:53:41.672184+00	ИП Путин Андрей Иванович	772352018416	1
6	2024-06-27 09:43:41.134842+00	2024-06-27 09:43:41.134865+00	ИП Копкин Антон Владиславович	632123736008	5
8	2024-07-02 12:45:03.690932+00	2024-07-02 12:45:03.690959+00	\N	123456789123	1
9	2024-07-02 13:07:54.602136+00	2024-07-02 13:07:54.602156+00	ИП Антоненко Игорь Николаевич	672502138776	8
10	2024-07-05 12:04:26.734945+00	2024-07-05 12:04:26.734975+00	ИП Шестаков Тимофей Владимирович	772776248886	10
11	2024-07-08 04:58:35.214549+00	2024-07-08 04:58:35.21457+00	ИП Колотовкин Александр Владимирович	402505955254	11
12	2024-07-09 09:08:06.854116+00	2024-07-09 09:08:06.854138+00	ИП Иванов Алексей Игоревич	780624246196	12
13	2024-07-09 12:33:16.9389+00	2024-07-09 12:33:16.938921+00	ИП Гуров Олег Игоревич	402501889530	11
14	2024-07-17 10:59:17.095106+00	2024-07-17 10:59:17.095124+00	ИП Грачев Максим Павлович	440124578778	13
15	2024-07-17 11:00:26.427007+00	2024-07-17 11:00:26.427026+00	ИП Двоеглазов Валентин Викторович	773377855619	13
16	2024-07-17 11:06:17.602715+00	2024-07-17 11:06:17.602737+00	ИП Барановская Ольга Николаевна	503616268318	14
17	2024-07-18 12:43:04.479652+00	2024-07-18 12:43:04.479676+00	ИП Лазарева Галина Васильевна	632138589500	15
18	2024-07-18 13:20:32.061979+00	2024-07-18 13:20:32.062+00	ИП Кузьмин Александр Викторович	772852795080	13
19	2024-07-25 05:14:49.144051+00	2024-07-25 05:14:49.144066+00	ИП Мотов Вениамин Валерьевич	744717581008	16
20	2024-08-01 08:44:43.301077+00	2024-08-01 08:44:43.301094+00	ИП Соколов Константин Юрьевич	501208526408	17
21	2024-08-09 13:44:37.360921+00	2024-08-09 13:44:37.360939+00	ИП Носко Анна Владимировна	772864127383	13
22	2024-08-12 05:21:21.272599+00	2024-08-12 05:21:21.272621+00	ИП Чуканов Юрий Михайлович	301656447681	3
23	2024-08-14 11:04:02.607113+00	2024-08-14 11:04:02.607136+00	ИП Хватов Георгий Викторович	667007988281	19
24	2024-08-15 11:52:12.019484+00	2024-08-15 11:52:12.019502+00	ИП Юкаш Екатерина Андреевна	635704494336	20
25	2024-08-23 11:10:24.468103+00	2024-08-23 11:10:24.468124+00	ИП Кравченко Ольга Александровна	246108946557	21
26	2024-09-02 13:49:13.821019+00	2024-09-02 13:49:13.821037+00	ИП Артамонова Алина Анатольевна	711607502489	13
27	2024-10-02 10:38:13.137411+00	2024-10-02 10:38:13.137429+00	ИП Семенов Владимир Владимирович	781313092964	24
28	2024-10-07 15:16:08.065317+00	2024-10-07 15:16:08.065333+00	ИП Умеров Сеит-Осман Сеит-Амзаевич	910905272393	26
29	2024-10-08 12:22:48.766908+00	2024-10-08 12:22:48.766932+00	ИП Самарин Василий Дмитриевич	782516473149	5
30	2024-10-09 13:24:47.168949+00	2024-10-09 13:24:47.168971+00	ИП Малев Дмитрий Михайлович	500112992646	26
31	2024-10-15 07:20:37.430876+00	2024-10-15 07:20:37.430895+00	ИП Яновский Олег Анатольевич	504309839642	27
32	2024-10-15 13:39:14.700754+00	2024-10-15 13:39:14.700772+00	ИП Тугушев Артур Ренатович	504109272885	13
33	2024-10-28 08:18:08.559661+00	2024-10-28 08:18:08.559685+00	ИП Корепанов Александр Валерьевич	183100076563	28
34	2024-11-12 06:50:56.36008+00	2024-11-12 06:50:56.360097+00	ИП Хазов Артём Александрович	530203673572	12
35	2024-11-21 11:57:11.123545+00	2024-11-21 11:57:11.123562+00	ИП Денисов Александр Владимирович	631917333520	5
\.


--
-- TOC entry 3167 (class 0 OID 16530)
-- Dependencies: 219
-- Data for Name: applications_telegamusers; Type: TABLE DATA; Schema: public; Owner: django_user
--

COPY public.applications_telegamusers (id, created_at, updated_at, tg_username, tg_user_id, name, lastname) FROM stdin;
1	2024-06-25 11:20:15.505994+00	2024-06-25 11:20:15.506014+00	def_misha_work	234783286	Misha	\N
2	2024-06-25 12:39:25.677625+00	2024-06-25 12:39:25.677648+00	LegalTechHacker	436440551	Boris	\N
3	2024-06-26 17:07:27.688589+00	2024-06-26 17:07:27.688609+00	abinaev	1382007788	Артур	Абинаев
5	2024-06-27 09:00:36.951865+00	2024-06-27 09:00:36.951884+00	@martyanova_a	1449061560	\N	\N
8	2024-07-02 11:09:09.798434+00	2024-07-02 11:09:09.798455+00	igor_nik87	246841593	Игорь	Антоненко
9	2024-07-02 11:43:31.430221+00	2024-07-02 11:43:31.43024+00	@timofeyshestakov	328836847	Тимофей	Шестаков
10	2024-07-03 11:26:21.250117+00	2024-07-03 11:26:21.250141+00	vass1178	684107530	🖐🏻	\N
11	2024-07-05 15:08:28.784554+00	2024-07-05 15:08:28.784572+00	AKolotovkin	478768113	Александр	\N
12	2024-07-08 13:46:14.884509+00	2024-07-08 13:46:14.884526+00	ivlexx	491781790	Alexey	Ivanov
13	2024-07-13 14:05:28.844595+00	2024-07-13 14:05:28.844613+00	lemon_di004	6013446867	Dmitry	\N
14	2024-07-17 09:25:30.00282+00	2024-07-17 09:25:42.580332+00	leila	5041287187	Лейла	\N
15	2024-07-18 12:42:21.242058+00	2024-07-18 12:42:21.24208+00	LLIuza	5406835	Галина Лазарева	@lliuza
16	2024-07-24 09:43:58.850744+00	2024-07-24 09:43:58.850768+00	motovvv	222561340	Veniamin	Motov
17	2024-08-01 08:39:56.829689+00	2024-08-01 08:39:56.829707+00	Konstantin_Sokolov_1	142256253	Константин	Соколов
18	2024-08-12 09:14:38.835113+00	2024-08-12 09:14:38.835131+00	LissaGofman	624166568	Ирина	\N
19	2024-08-14 06:47:17.332677+00	2024-08-14 06:47:17.3327+00	GKhvatov	72029436	Георгий Хватов	\N
20	2024-08-15 11:51:57.359128+00	2024-08-15 11:51:57.359147+00	iukash	397943112	Ekaterina	Iukash
21	2024-08-23 11:02:21.147016+00	2024-08-23 11:02:21.14704+00	KeshaEX	234273354	Георгий	\N
22	2024-08-26 13:01:23.84235+00	2024-08-26 13:01:23.842372+00	kushmilovrn	127298986	Roman	Kushmilov
23	2024-09-18 07:12:31.778047+00	2024-09-18 07:12:31.778064+00	anna_chira	512330487	Анна	Чиркова
24	2024-10-02 10:36:52.748017+00	2024-10-02 10:36:52.74804+00	Vovanjo	86476858	Vladimir	\N
25	2024-10-07 15:09:39.489129+00	2024-10-07 15:09:39.489153+00	cfa069	556696165	CFA	Greg
26	2024-10-07 15:13:28.733394+00	2024-10-07 15:13:28.733411+00	Nchurakova	484285339	Анастасия	\N
27	2024-10-15 07:19:56.958531+00	2024-10-15 07:19:56.95855+00	oleyan	29077570	Oleg	Yanovskiy
28	2024-10-28 08:11:13.077295+00	2024-10-28 08:11:13.077319+00	AleksandrKorepanov	279789149	Александр	Корепанов
29	2024-10-29 10:29:17.233982+00	2024-10-29 10:29:17.234009+00	PrisyazhnyukA	376283306	Anastasia	Prisyazhnyuk
30	2024-11-08 09:21:57.096147+00	2024-11-08 09:21:57.096169+00	avdombrovskiy	64827435	Alexey	Dombrovskiy
31	2024-11-19 09:46:13.926588+00	2024-11-19 09:46:13.926609+00	AlenaNezumi	397325122	Alena B	\N
32	2024-11-20 12:20:38.165181+00	2024-11-20 12:20:38.165202+00	aleksandra_kim26	70895540	Aleksandra	Kim
\.


--
-- TOC entry 3155 (class 0 OID 16413)
-- Dependencies: 207
-- Data for Name: auth_group; Type: TABLE DATA; Schema: public; Owner: django_user
--

COPY public.auth_group (id, name) FROM stdin;
\.


--
-- TOC entry 3157 (class 0 OID 16422)
-- Dependencies: 209
-- Data for Name: auth_group_permissions; Type: TABLE DATA; Schema: public; Owner: django_user
--

COPY public.auth_group_permissions (id, group_id, permission_id) FROM stdin;
\.


--
-- TOC entry 3153 (class 0 OID 16406)
-- Dependencies: 205
-- Data for Name: auth_permission; Type: TABLE DATA; Schema: public; Owner: django_user
--

COPY public.auth_permission (id, name, content_type_id, codename) FROM stdin;
1	Can add log entry	1	add_logentry
2	Can change log entry	1	change_logentry
3	Can delete log entry	1	delete_logentry
4	Can view log entry	1	view_logentry
5	Can add permission	2	add_permission
6	Can change permission	2	change_permission
7	Can delete permission	2	delete_permission
8	Can view permission	2	view_permission
9	Can add group	3	add_group
10	Can change group	3	change_group
11	Can delete group	3	delete_group
12	Can view group	3	view_group
13	Can add content type	4	add_contenttype
14	Can change content type	4	change_contenttype
15	Can delete content type	4	delete_contenttype
16	Can view content type	4	view_contenttype
17	Can add session	5	add_session
18	Can change session	5	change_session
19	Can delete session	5	delete_session
20	Can view session	5	view_session
21	Can add Автор заявки в tg	6	add_telegamusers
22	Can change Автор заявки в tg	6	change_telegamusers
23	Can delete Автор заявки в tg	6	delete_telegamusers
24	Can view Автор заявки в tg	6	view_telegamusers
25	Can add Компания получатель	7	add_companiesrecipient
26	Can change Компания получатель	7	change_companiesrecipient
27	Can delete Компания получатель	7	delete_companiesrecipient
28	Can view Компания получатель	7	view_companiesrecipient
29	Can add Компания плательщик	8	add_companiespayer
30	Can change Компания плательщик	8	change_companiespayer
31	Can delete Компания плательщик	8	delete_companiespayer
32	Can view Компания плательщик	8	view_companiespayer
33	Can add Заявка	9	add_applications
34	Can change Заявка	9	change_applications
35	Can delete Заявка	9	delete_applications
36	Can view Заявка	9	view_applications
37	Can add custom user	10	add_customuser
38	Can change custom user	10	change_customuser
39	Can delete custom user	10	delete_customuser
40	Can view custom user	10	view_customuser
\.


--
-- TOC entry 3165 (class 0 OID 16507)
-- Dependencies: 217
-- Data for Name: django_admin_log; Type: TABLE DATA; Schema: public; Owner: django_user
--

COPY public.django_admin_log (id, action_time, object_id, object_repr, action_flag, change_message, content_type_id, user_id) FROM stdin;
1	2024-06-27 08:02:40.571167+00	4	@martyanova_a	1	[{"added": {}}]	6	1
2	2024-06-27 08:11:24.667317+00	4	ООО "КОМПЛИЦЕРТЕ ТЕХ"	3		8	1
3	2024-06-27 08:11:24.669721+00	3	ООО "ГРИНКОСРИТЕЙЛ"	3		8	1
4	2024-06-27 08:59:42.128043+00	4	@martyanova_a	3		6	1
5	2024-06-27 11:52:36.888987+00	2	Заявка от пользователя: def_misha_work	3		9	1
6	2024-06-27 11:52:37.076313+00	3	Заявка от пользователя: def_misha_work	3		9	1
7	2024-06-27 11:52:37.078336+00	4	Заявка от пользователя: def_misha_work	3		9	1
8	2024-06-27 11:52:37.079867+00	8	Заявка от пользователя: def_misha_work	3		9	1
9	2024-06-27 11:52:37.081235+00	11	Заявка от пользователя: def_misha_work	3		9	1
10	2024-06-27 11:52:37.084588+00	12	Заявка от пользователя: dmitryzilbert	3		9	1
11	2024-06-27 11:52:37.086649+00	13	Заявка от пользователя: dmitryzilbert	3		9	1
12	2024-06-27 11:52:37.08812+00	17	Заявка от пользователя: def_misha_work	3		9	1
13	2024-06-27 11:52:37.089353+00	20	Заявка от пользователя: def_misha_work	3		9	1
14	2024-06-27 11:52:37.090535+00	21	Заявка от пользователя: def_misha_work	3		9	1
15	2024-06-27 11:52:37.091654+00	22	Заявка от пользователя: def_misha_work	3		9	1
16	2024-06-27 12:06:24.058858+00	19	Заявка от пользователя: akret	3		9	1
17	2024-07-02 11:32:28.257456+00	7	akret	3		6	1
18	2024-07-02 11:32:28.260251+00	6	dmitryzilbert	3		6	1
19	2024-07-02 11:43:31.431126+00	9	@timofeyshestakov	1	[{"added": {}}]	6	1
20	2024-07-13 14:05:28.84563+00	13	lemon_di004	1	[{"added": {}}]	6	1
21	2024-07-17 09:25:30.003716+00	14	Лейла	1	[{"added": {}}]	6	1
22	2024-07-17 09:25:42.581459+00	14	leila	2	[{"changed": {"fields": ["\\u041d\\u0438\\u043a\\u043d\\u0435\\u0438\\u043c \\u0430\\u0432\\u0442\\u043e\\u0440\\u0430 \\u0437\\u0430\\u044f\\u0432\\u043a\\u0438 \\u0432 tg"]}}]	6	1
23	2024-10-15 07:38:04.516916+00	136	Заявка от пользователя: LegalTechHacker	2	[{"changed": {"fields": ["\\u0421\\u0442\\u0430\\u0442\\u0443\\u0441 \\u0437\\u0430\\u044f\\u0432\\u043a\\u0438"]}}]	9	1
24	2024-10-21 15:31:56.986722+00	144	Заявка от пользователя: AKolotovkin	2	[{"changed": {"fields": ["\\u0421\\u0442\\u0430\\u0442\\u0443\\u0441 \\u0437\\u0430\\u044f\\u0432\\u043a\\u0438"]}}]	9	1
25	2024-10-21 15:36:49.072805+00	145	Заявка от пользователя: LegalTechHacker	2	[{"changed": {"fields": ["\\u0421\\u0442\\u0430\\u0442\\u0443\\u0441 \\u0437\\u0430\\u044f\\u0432\\u043a\\u0438"]}}]	9	1
26	2024-10-22 16:58:33.95563+00	1	Заявка от пользователя: def_misha_work	2	[{"changed": {"fields": ["\\u0421\\u0442\\u0430\\u0442\\u0443\\u0441 \\u0437\\u0430\\u044f\\u0432\\u043a\\u0438"]}}]	9	1
27	2024-10-22 16:58:42.786968+00	1	Заявка от пользователя: def_misha_work	2	[{"changed": {"fields": ["\\u0421\\u0442\\u0430\\u0442\\u0443\\u0441 \\u0437\\u0430\\u044f\\u0432\\u043a\\u0438"]}}]	9	1
28	2024-10-23 13:24:31.718617+00	5	Заявка от пользователя: LegalTechHacker	2	[{"changed": {"fields": ["\\u0421\\u0442\\u0430\\u0442\\u0443\\u0441 \\u0437\\u0430\\u044f\\u0432\\u043a\\u0438"]}}]	9	1
29	2024-10-23 13:25:00.877928+00	145	Заявка от пользователя: LegalTechHacker	2	[{"changed": {"fields": ["\\u0421\\u0442\\u0430\\u0442\\u0443\\u0441 \\u0437\\u0430\\u044f\\u0432\\u043a\\u0438"]}}]	9	1
30	2024-10-23 13:25:27.145437+00	144	Заявка от пользователя: AKolotovkin	2	[{"changed": {"fields": ["\\u0421\\u0442\\u0430\\u0442\\u0443\\u0441 \\u0437\\u0430\\u044f\\u0432\\u043a\\u0438"]}}]	9	1
31	2024-10-23 13:26:10.049841+00	148	Заявка от пользователя: LegalTechHacker	2	[{"changed": {"fields": ["\\u0421\\u0442\\u0430\\u0442\\u0443\\u0441 \\u0437\\u0430\\u044f\\u0432\\u043a\\u0438"]}}]	9	1
32	2024-10-23 13:48:27.798992+00	24	Заявка от пользователя: def_misha_work	2	[{"changed": {"fields": ["\\u0421\\u0442\\u0430\\u0442\\u0443\\u0441 \\u0437\\u0430\\u044f\\u0432\\u043a\\u0438"]}}]	9	1
33	2024-10-23 13:48:52.427885+00	23	Заявка от пользователя: def_misha_work	2	[{"changed": {"fields": ["\\u0421\\u0442\\u0430\\u0442\\u0443\\u0441 \\u0437\\u0430\\u044f\\u0432\\u043a\\u0438"]}}]	9	1
34	2024-10-23 13:50:05.065908+00	1	Заявка от пользователя: def_misha_work	2	[{"changed": {"fields": ["\\u0414\\u0430\\u0442\\u0430 \\u0438\\u0441\\u043f\\u043e\\u043b\\u043d\\u0435\\u043d\\u0438\\u044f \\u0437\\u0430\\u044f\\u0432\\u043a\\u0438"]}}]	9	1
35	2024-10-23 13:50:14.433629+00	1	Заявка от пользователя: def_misha_work	2	[{"changed": {"fields": ["\\u0421\\u0442\\u0430\\u0442\\u0443\\u0441 \\u0437\\u0430\\u044f\\u0432\\u043a\\u0438"]}}]	9	1
36	2024-10-23 13:50:34.330591+00	1	Заявка от пользователя: def_misha_work	2	[{"changed": {"fields": ["\\u0421\\u0442\\u0430\\u0442\\u0443\\u0441 \\u0437\\u0430\\u044f\\u0432\\u043a\\u0438", "\\u0414\\u0430\\u0442\\u0430 \\u0438\\u0441\\u043f\\u043e\\u043b\\u043d\\u0435\\u043d\\u0438\\u044f \\u0437\\u0430\\u044f\\u0432\\u043a\\u0438"]}}]	9	1
37	2024-10-23 13:50:59.739139+00	23	Заявка от пользователя: def_misha_work	2	[{"changed": {"fields": ["\\u0421\\u0442\\u0430\\u0442\\u0443\\u0441 \\u0437\\u0430\\u044f\\u0432\\u043a\\u0438", "\\u0414\\u0430\\u0442\\u0430 \\u0438\\u0441\\u043f\\u043e\\u043b\\u043d\\u0435\\u043d\\u0438\\u044f \\u0437\\u0430\\u044f\\u0432\\u043a\\u0438"]}}]	9	1
38	2024-10-23 13:52:37.938677+00	148	Заявка от пользователя: LegalTechHacker	2	[{"changed": {"fields": ["\\u0421\\u0442\\u0430\\u0442\\u0443\\u0441 \\u0437\\u0430\\u044f\\u0432\\u043a\\u0438", "\\u0414\\u0430\\u0442\\u0430 \\u0438\\u0441\\u043f\\u043e\\u043b\\u043d\\u0435\\u043d\\u0438\\u044f \\u0437\\u0430\\u044f\\u0432\\u043a\\u0438"]}}]	9	1
39	2024-10-23 15:17:33.938878+00	149	Заявка от пользователя: def_misha_work	2	[{"changed": {"fields": ["\\u0421\\u0442\\u0430\\u0442\\u0443\\u0441 \\u0437\\u0430\\u044f\\u0432\\u043a\\u0438"]}}]	9	1
40	2024-10-23 15:39:30.73577+00	28	Заявка от пользователя: def_misha_work	2	[{"changed": {"fields": ["\\u0414\\u0430\\u0442\\u0430 \\u0438\\u0441\\u043f\\u043e\\u043b\\u043d\\u0435\\u043d\\u0438\\u044f \\u0437\\u0430\\u044f\\u0432\\u043a\\u0438"]}}]	9	1
41	2024-10-23 15:40:32.268173+00	149	Заявка от пользователя: def_misha_work	2	[{"changed": {"fields": ["\\u0414\\u0430\\u0442\\u0430 \\u0438\\u0441\\u043f\\u043e\\u043b\\u043d\\u0435\\u043d\\u0438\\u044f \\u0437\\u0430\\u044f\\u0432\\u043a\\u0438"]}}]	9	1
42	2024-10-23 15:41:28.722511+00	150	Заявка от пользователя: def_misha_work	2	[{"changed": {"fields": ["\\u0421\\u0442\\u0430\\u0442\\u0443\\u0441 \\u0437\\u0430\\u044f\\u0432\\u043a\\u0438"]}}]	9	1
43	2024-11-14 16:17:27.957067+00	177	Заявка от пользователя: LegalTechHacker	3		9	1
44	2024-11-14 16:17:37.365204+00	176	Заявка от пользователя: LegalTechHacker	3		9	1
45	2024-11-18 08:17:04.837157+00	183	Заявка от пользователя: lemon_di004	3		9	1
46	2024-11-21 11:58:16.509948+00	152	Заявка от пользователя: LegalTechHacker	3		9	1
\.


--
-- TOC entry 3151 (class 0 OID 16397)
-- Dependencies: 203
-- Data for Name: django_content_type; Type: TABLE DATA; Schema: public; Owner: django_user
--

COPY public.django_content_type (id, app_label, model) FROM stdin;
1	admin	logentry
2	auth	permission
3	auth	group
4	contenttypes	contenttype
5	sessions	session
6	applications	telegamusers
7	applications	companiesrecipient
8	applications	companiespayer
9	applications	applications
10	users	customuser
\.


--
-- TOC entry 3149 (class 0 OID 16387)
-- Dependencies: 201
-- Data for Name: django_migrations; Type: TABLE DATA; Schema: public; Owner: django_user
--

COPY public.django_migrations (id, app, name, applied) FROM stdin;
1	contenttypes	0001_initial	2024-06-25 11:04:40.915331+00
2	contenttypes	0002_remove_content_type_name	2024-06-25 11:04:40.922297+00
3	auth	0001_initial	2024-06-25 11:04:41.008954+00
4	auth	0002_alter_permission_name_max_length	2024-06-25 11:04:41.014681+00
5	auth	0003_alter_user_email_max_length	2024-06-25 11:04:41.021623+00
6	auth	0004_alter_user_username_opts	2024-06-25 11:04:41.0269+00
7	auth	0005_alter_user_last_login_null	2024-06-25 11:04:41.040473+00
8	auth	0006_require_contenttypes_0002	2024-06-25 11:04:41.051365+00
9	auth	0007_alter_validators_add_error_messages	2024-06-25 11:04:41.058793+00
10	auth	0008_alter_user_username_max_length	2024-06-25 11:04:41.064547+00
11	auth	0009_alter_user_last_name_max_length	2024-06-25 11:04:41.075669+00
12	auth	0010_alter_group_name_max_length	2024-06-25 11:04:41.084099+00
13	auth	0011_update_proxy_permissions	2024-06-25 11:04:41.090724+00
14	auth	0012_alter_user_first_name_max_length	2024-06-25 11:04:41.096934+00
15	users	0001_initial	2024-06-25 11:04:41.17638+00
16	admin	0001_initial	2024-06-25 11:04:41.21743+00
17	admin	0002_logentry_remove_auto_add	2024-06-25 11:04:41.229958+00
18	admin	0003_logentry_add_action_flag_choices	2024-06-25 11:04:41.240004+00
19	applications	0001_initial	2024-06-25 11:04:42.140916+00
20	sessions	0001_initial	2024-06-25 11:04:42.158265+00
21	applications	0002_alter_telegamusers_tg_user_id	2024-07-13 14:04:43.091326+00
22	applications	0003_applications_app_status	2024-10-09 14:32:43.353862+00
\.


--
-- TOC entry 3174 (class 0 OID 16606)
-- Dependencies: 226
-- Data for Name: django_session; Type: TABLE DATA; Schema: public; Owner: django_user
--

COPY public.django_session (session_key, session_data, expire_date) FROM stdin;
et6b0sl9wktoi6cx5c65u7j3nylyzkv7	.eJxVjDsOwjAQRO_iGln-O6Gkzxksr3eNA8iW4qRC3J1ESgHFNPPezJuFuK0lbJ2WMCO7Mskuvx3E9KR6AHzEem88tbouM_BD4SftfGpIr9vp_h2U2Mu-FspK4cCnIRsHclBWUxYWPFl0WWc1CowEpEmllIyCMToQGfd44dGwzxfiQDiB:1sM4D4:grggxhMjm6nQog8sN5Xp6uAJwWh-VRV-lOyZGKluN3o	2024-07-09 11:19:38.529434+00
slu1grbr6x8ml1gzgic52b8qwqphl54s	.eJxVjDsOwjAQRO_iGln-O6Gkzxksr3eNA8iW4qRC3J1ESgHFNPPezJuFuK0lbJ2WMCO7Mskuvx3E9KR6AHzEem88tbouM_BD4SftfGpIr9vp_h2U2Mu-FspK4cCnIRsHclBWUxYWPFl0WWc1CowEpEmllIyCMToQGfd44dGwzxfiQDiB:1sRAVK:3pE5eEhrHEoGzNWcZrHpRcqDsK09PQVPNew0qsQJfAY	2024-07-23 13:03:34.12737+00
w3dd2g79rvs3kjf6un557yhu1440ljyo	.eJxVjDsOwjAQRO_iGln-O6Gkzxksr3eNA8iW4qRC3J1ESgHFNPPezJuFuK0lbJ2WMCO7Mskuvx3E9KR6AHzEem88tbouM_BD4SftfGpIr9vp_h2U2Mu-FspK4cCnIRsHclBWUxYWPFl0WWc1CowEpEmllIyCMToQGfd44dGwzxfiQDiB:1svM3p:JnHuSXQsjKds4CzVJe-53kGn8a9dtk-e23rEXZ_TAaA	2024-10-14 19:27:57.610066+00
r79c6nlhgjaghdziulc54f85ktwalld8	.eJxVjDsOwjAQRO_iGln-O6Gkzxksr3eNA8iW4qRC3J1ESgHFNPPezJuFuK0lbJ2WMCO7Mskuvx3E9KR6AHzEem88tbouM_BD4SftfGpIr9vp_h2U2Mu-FspK4cCnIRsHclBWUxYWPFl0WWc1CowEpEmllIyCMToQGfd44dGwzxfiQDiB:1svdYa:cUleaDeQfADf7NPNtXikspdyXo5giyiJx_gE9Cdejc8	2024-10-15 14:08:52.046496+00
xwgpbq39kq0jn8j3zdwmkryd5qptn78u	.eJxVjDsOwjAQRO_iGln-O6Gkzxksr3eNA8iW4qRC3J1ESgHFNPPezJuFuK0lbJ2WMCO7Mskuvx3E9KR6AHzEem88tbouM_BD4SftfGpIr9vp_h2U2Mu-FspK4cCnIRsHclBWUxYWPFl0WWc1CowEpEmllIyCMToQGfd44dGwzxfiQDiB:1syXws:vW6FUi1lfBSFw2qXySgBiJo5sQvReFoVMJtbRgp40o4	2024-10-23 14:45:58.988351+00
ujprrdoig3pp81wdno0f88tfbhipk3nw	.eJxVjDsOwjAQRO_iGln-O6Gkzxksr3eNA8iW4qRC3J1ESgHFNPPezJuFuK0lbJ2WMCO7Mskuvx3E9KR6AHzEem88tbouM_BD4SftfGpIr9vp_h2U2Mu-FspK4cCnIRsHclBWUxYWPFl0WWc1CowEpEmllIyCMToQGfd44dGwzxfiQDiB:1t0ykf:t0JArICJs0tskwgD1pQY4ajyOieCni9pW9C2kfMjK1k	2024-10-30 07:47:25.199936+00
ie1uty487cfv4u94vixnpm4h4vyn35h9	.eJxVjDsOwjAQRO_iGln-O6Gkzxksr3eNA8iW4qRC3J1ESgHFNPPezJuFuK0lbJ2WMCO7Mskuvx3E9KR6AHzEem88tbouM_BD4SftfGpIr9vp_h2U2Mu-FspK4cCnIRsHclBWUxYWPFl0WWc1CowEpEmllIyCMToQGfd44dGwzxfiQDiB:1t12vn:EnsGyefobfK8VeKYFND269CJuqhLBXCfJmZ5n1ssURI	2024-10-30 12:15:11.782392+00
o8aiodw0280xu0b28tmn51khp059tspm	.eJxVjDsOwjAQRO_iGln-O6Gkzxksr3eNA8iW4qRC3J1ESgHFNPPezJuFuK0lbJ2WMCO7Mskuvx3E9KR6AHzEem88tbouM_BD4SftfGpIr9vp_h2U2Mu-FspK4cCnIRsHclBWUxYWPFl0WWc1CowEpEmllIyCMToQGfd44dGwzxfiQDiB:1t12wm:_Z_kUDqSIFrxN4Jjgm5GSlAz_26GyWbhya0DEVd6-mg	2024-10-30 12:16:12.77989+00
13nclwwegp5n7qs98dq0qnk2qxb3qpvy	.eJxVjDsOwjAQRO_iGln-O6Gkzxksr3eNA8iW4qRC3J1ESgHFNPPezJuFuK0lbJ2WMCO7Mskuvx3E9KR6AHzEem88tbouM_BD4SftfGpIr9vp_h2U2Mu-FspK4cCnIRsHclBWUxYWPFl0WWc1CowEpEmllIyCMToQGfd44dGwzxfiQDiB:1t2uNg:ZsR-Oij0hyQAGJe9w6yjE5HZ51XDC_NlYUIeuqdzTx0	2024-11-04 15:31:40.142006+00
ac5i83hnpdxfpc5yx6tfstyp3bqhamfu	.eJxVjDsOwjAQRO_iGln-O6Gkzxksr3eNA8iW4qRC3J1ESgHFNPPezJuFuK0lbJ2WMCO7Mskuvx3E9KR6AHzEem88tbouM_BD4SftfGpIr9vp_h2U2Mu-FspK4cCnIRsHclBWUxYWPFl0WWc1CowEpEmllIyCMToQGfd44dGwzxfiQDiB:1t8Q5R:Tpf60MWAmytWwbdoyXaQqxRm7NqpqxLjhtzncKRbU7g	2024-11-19 20:23:37.928891+00
8v2oesha8602hu9tkfnrbmvme956jy35	.eJxVjDsOwjAQRO_iGln-O6Gkzxksr3eNA8iW4qRC3J1ESgHFNPPezJuFuK0lbJ2WMCO7Mskuvx3E9KR6AHzEem88tbouM_BD4SftfGpIr9vp_h2U2Mu-FspK4cCnIRsHclBWUxYWPFl0WWc1CowEpEmllIyCMToQGfd44dGwzxfiQDiB:1tE5j3:XdEq09ngIQ79Mse5iyMcpdOFlLvf4xC31iT5HyZHOdI	2024-12-05 11:51:57.6765+00
\.


--
-- TOC entry 3159 (class 0 OID 16455)
-- Dependencies: 211
-- Data for Name: users_customuser; Type: TABLE DATA; Schema: public; Owner: django_user
--

COPY public.users_customuser (id, password, last_login, is_superuser, email, is_staff, is_active, date_joined) FROM stdin;
1	pbkdf2_sha256$720000$d8feoUkVFlDWsuaheHJN6y$Jh4teftT3EpugzZTA8roIaiR/f+5gfJQ1a5Wb+QNHNQ=	2024-11-21 11:51:57.672028+00	t	bb@wiseadvice.ru	t	t	2024-06-25 11:05:46.331083+00
\.


--
-- TOC entry 3161 (class 0 OID 16464)
-- Dependencies: 213
-- Data for Name: users_customuser_groups; Type: TABLE DATA; Schema: public; Owner: django_user
--

COPY public.users_customuser_groups (id, customuser_id, group_id) FROM stdin;
\.


--
-- TOC entry 3163 (class 0 OID 16471)
-- Dependencies: 215
-- Data for Name: users_customuser_user_permissions; Type: TABLE DATA; Schema: public; Owner: django_user
--

COPY public.users_customuser_user_permissions (id, customuser_id, permission_id) FROM stdin;
\.


--
-- TOC entry 3194 (class 0 OID 0)
-- Dependencies: 224
-- Name: applications_applications_id_seq; Type: SEQUENCE SET; Schema: public; Owner: django_user
--

SELECT pg_catalog.setval('public.applications_applications_id_seq', 195, true);


--
-- TOC entry 3195 (class 0 OID 0)
-- Dependencies: 222
-- Name: applications_companiespayer_id_seq; Type: SEQUENCE SET; Schema: public; Owner: django_user
--

SELECT pg_catalog.setval('public.applications_companiespayer_id_seq', 31, true);


--
-- TOC entry 3196 (class 0 OID 0)
-- Dependencies: 220
-- Name: applications_companiesrecipient_id_seq; Type: SEQUENCE SET; Schema: public; Owner: django_user
--

SELECT pg_catalog.setval('public.applications_companiesrecipient_id_seq', 35, true);


--
-- TOC entry 3197 (class 0 OID 0)
-- Dependencies: 218
-- Name: applications_telegamusers_id_seq; Type: SEQUENCE SET; Schema: public; Owner: django_user
--

SELECT pg_catalog.setval('public.applications_telegamusers_id_seq', 32, true);


--
-- TOC entry 3198 (class 0 OID 0)
-- Dependencies: 206
-- Name: auth_group_id_seq; Type: SEQUENCE SET; Schema: public; Owner: django_user
--

SELECT pg_catalog.setval('public.auth_group_id_seq', 1, false);


--
-- TOC entry 3199 (class 0 OID 0)
-- Dependencies: 208
-- Name: auth_group_permissions_id_seq; Type: SEQUENCE SET; Schema: public; Owner: django_user
--

SELECT pg_catalog.setval('public.auth_group_permissions_id_seq', 1, false);


--
-- TOC entry 3200 (class 0 OID 0)
-- Dependencies: 204
-- Name: auth_permission_id_seq; Type: SEQUENCE SET; Schema: public; Owner: django_user
--

SELECT pg_catalog.setval('public.auth_permission_id_seq', 40, true);


--
-- TOC entry 3201 (class 0 OID 0)
-- Dependencies: 216
-- Name: django_admin_log_id_seq; Type: SEQUENCE SET; Schema: public; Owner: django_user
--

SELECT pg_catalog.setval('public.django_admin_log_id_seq', 46, true);


--
-- TOC entry 3202 (class 0 OID 0)
-- Dependencies: 202
-- Name: django_content_type_id_seq; Type: SEQUENCE SET; Schema: public; Owner: django_user
--

SELECT pg_catalog.setval('public.django_content_type_id_seq', 10, true);


--
-- TOC entry 3203 (class 0 OID 0)
-- Dependencies: 200
-- Name: django_migrations_id_seq; Type: SEQUENCE SET; Schema: public; Owner: django_user
--

SELECT pg_catalog.setval('public.django_migrations_id_seq', 22, true);


--
-- TOC entry 3204 (class 0 OID 0)
-- Dependencies: 212
-- Name: users_customuser_groups_id_seq; Type: SEQUENCE SET; Schema: public; Owner: django_user
--

SELECT pg_catalog.setval('public.users_customuser_groups_id_seq', 1, false);


--
-- TOC entry 3205 (class 0 OID 0)
-- Dependencies: 210
-- Name: users_customuser_id_seq; Type: SEQUENCE SET; Schema: public; Owner: django_user
--

SELECT pg_catalog.setval('public.users_customuser_id_seq', 1, true);


--
-- TOC entry 3206 (class 0 OID 0)
-- Dependencies: 214
-- Name: users_customuser_user_permissions_id_seq; Type: SEQUENCE SET; Schema: public; Owner: django_user
--

SELECT pg_catalog.setval('public.users_customuser_user_permissions_id_seq', 1, false);


--
-- TOC entry 2998 (class 2606 OID 16572)
-- Name: applications_applications applications_applications_pkey; Type: CONSTRAINT; Schema: public; Owner: django_user
--

ALTER TABLE ONLY public.applications_applications
    ADD CONSTRAINT applications_applications_pkey PRIMARY KEY (id);


--
-- TOC entry 2991 (class 2606 OID 16565)
-- Name: applications_companiespayer applications_companiespayer_company_inn_payer_key; Type: CONSTRAINT; Schema: public; Owner: django_user
--

ALTER TABLE ONLY public.applications_companiespayer
    ADD CONSTRAINT applications_companiespayer_company_inn_payer_key UNIQUE (company_inn_payer);


--
-- TOC entry 2993 (class 2606 OID 16563)
-- Name: applications_companiespayer applications_companiespayer_pkey; Type: CONSTRAINT; Schema: public; Owner: django_user
--

ALTER TABLE ONLY public.applications_companiespayer
    ADD CONSTRAINT applications_companiespayer_pkey PRIMARY KEY (id);


--
-- TOC entry 2985 (class 2606 OID 16553)
-- Name: applications_companiesrecipient applications_companiesrecipient_company_inn_recipient_key; Type: CONSTRAINT; Schema: public; Owner: django_user
--

ALTER TABLE ONLY public.applications_companiesrecipient
    ADD CONSTRAINT applications_companiesrecipient_company_inn_recipient_key UNIQUE (company_inn_recipient);


--
-- TOC entry 2987 (class 2606 OID 16551)
-- Name: applications_companiesrecipient applications_companiesrecipient_pkey; Type: CONSTRAINT; Schema: public; Owner: django_user
--

ALTER TABLE ONLY public.applications_companiesrecipient
    ADD CONSTRAINT applications_companiesrecipient_pkey PRIMARY KEY (id);


--
-- TOC entry 2977 (class 2606 OID 16537)
-- Name: applications_telegamusers applications_telegamusers_pkey; Type: CONSTRAINT; Schema: public; Owner: django_user
--

ALTER TABLE ONLY public.applications_telegamusers
    ADD CONSTRAINT applications_telegamusers_pkey PRIMARY KEY (id);


--
-- TOC entry 2979 (class 2606 OID 16619)
-- Name: applications_telegamusers applications_telegamusers_tg_user_id_key; Type: CONSTRAINT; Schema: public; Owner: django_user
--

ALTER TABLE ONLY public.applications_telegamusers
    ADD CONSTRAINT applications_telegamusers_tg_user_id_key UNIQUE (tg_user_id);


--
-- TOC entry 2982 (class 2606 OID 16539)
-- Name: applications_telegamusers applications_telegamusers_tg_username_key; Type: CONSTRAINT; Schema: public; Owner: django_user
--

ALTER TABLE ONLY public.applications_telegamusers
    ADD CONSTRAINT applications_telegamusers_tg_username_key UNIQUE (tg_username);


--
-- TOC entry 2946 (class 2606 OID 16451)
-- Name: auth_group auth_group_name_key; Type: CONSTRAINT; Schema: public; Owner: django_user
--

ALTER TABLE ONLY public.auth_group
    ADD CONSTRAINT auth_group_name_key UNIQUE (name);


--
-- TOC entry 2951 (class 2606 OID 16437)
-- Name: auth_group_permissions auth_group_permissions_group_id_permission_id_0cd325b0_uniq; Type: CONSTRAINT; Schema: public; Owner: django_user
--

ALTER TABLE ONLY public.auth_group_permissions
    ADD CONSTRAINT auth_group_permissions_group_id_permission_id_0cd325b0_uniq UNIQUE (group_id, permission_id);


--
-- TOC entry 2954 (class 2606 OID 16426)
-- Name: auth_group_permissions auth_group_permissions_pkey; Type: CONSTRAINT; Schema: public; Owner: django_user
--

ALTER TABLE ONLY public.auth_group_permissions
    ADD CONSTRAINT auth_group_permissions_pkey PRIMARY KEY (id);


--
-- TOC entry 2948 (class 2606 OID 16417)
-- Name: auth_group auth_group_pkey; Type: CONSTRAINT; Schema: public; Owner: django_user
--

ALTER TABLE ONLY public.auth_group
    ADD CONSTRAINT auth_group_pkey PRIMARY KEY (id);


--
-- TOC entry 2941 (class 2606 OID 16428)
-- Name: auth_permission auth_permission_content_type_id_codename_01ab375a_uniq; Type: CONSTRAINT; Schema: public; Owner: django_user
--

ALTER TABLE ONLY public.auth_permission
    ADD CONSTRAINT auth_permission_content_type_id_codename_01ab375a_uniq UNIQUE (content_type_id, codename);


--
-- TOC entry 2943 (class 2606 OID 16410)
-- Name: auth_permission auth_permission_pkey; Type: CONSTRAINT; Schema: public; Owner: django_user
--

ALTER TABLE ONLY public.auth_permission
    ADD CONSTRAINT auth_permission_pkey PRIMARY KEY (id);


--
-- TOC entry 2974 (class 2606 OID 16515)
-- Name: django_admin_log django_admin_log_pkey; Type: CONSTRAINT; Schema: public; Owner: django_user
--

ALTER TABLE ONLY public.django_admin_log
    ADD CONSTRAINT django_admin_log_pkey PRIMARY KEY (id);


--
-- TOC entry 2936 (class 2606 OID 16403)
-- Name: django_content_type django_content_type_app_label_model_76bd3d3b_uniq; Type: CONSTRAINT; Schema: public; Owner: django_user
--

ALTER TABLE ONLY public.django_content_type
    ADD CONSTRAINT django_content_type_app_label_model_76bd3d3b_uniq UNIQUE (app_label, model);


--
-- TOC entry 2938 (class 2606 OID 16401)
-- Name: django_content_type django_content_type_pkey; Type: CONSTRAINT; Schema: public; Owner: django_user
--

ALTER TABLE ONLY public.django_content_type
    ADD CONSTRAINT django_content_type_pkey PRIMARY KEY (id);


--
-- TOC entry 2934 (class 2606 OID 16394)
-- Name: django_migrations django_migrations_pkey; Type: CONSTRAINT; Schema: public; Owner: django_user
--

ALTER TABLE ONLY public.django_migrations
    ADD CONSTRAINT django_migrations_pkey PRIMARY KEY (id);


--
-- TOC entry 3002 (class 2606 OID 16613)
-- Name: django_session django_session_pkey; Type: CONSTRAINT; Schema: public; Owner: django_user
--

ALTER TABLE ONLY public.django_session
    ADD CONSTRAINT django_session_pkey PRIMARY KEY (session_key);


--
-- TOC entry 2957 (class 2606 OID 16461)
-- Name: users_customuser users_customuser_email_key; Type: CONSTRAINT; Schema: public; Owner: django_user
--

ALTER TABLE ONLY public.users_customuser
    ADD CONSTRAINT users_customuser_email_key UNIQUE (email);


--
-- TOC entry 2962 (class 2606 OID 16478)
-- Name: users_customuser_groups users_customuser_groups_customuser_id_group_id_76b619e3_uniq; Type: CONSTRAINT; Schema: public; Owner: django_user
--

ALTER TABLE ONLY public.users_customuser_groups
    ADD CONSTRAINT users_customuser_groups_customuser_id_group_id_76b619e3_uniq UNIQUE (customuser_id, group_id);


--
-- TOC entry 2965 (class 2606 OID 16468)
-- Name: users_customuser_groups users_customuser_groups_pkey; Type: CONSTRAINT; Schema: public; Owner: django_user
--

ALTER TABLE ONLY public.users_customuser_groups
    ADD CONSTRAINT users_customuser_groups_pkey PRIMARY KEY (id);


--
-- TOC entry 2959 (class 2606 OID 16459)
-- Name: users_customuser users_customuser_pkey; Type: CONSTRAINT; Schema: public; Owner: django_user
--

ALTER TABLE ONLY public.users_customuser
    ADD CONSTRAINT users_customuser_pkey PRIMARY KEY (id);


--
-- TOC entry 2967 (class 2606 OID 16492)
-- Name: users_customuser_user_permissions users_customuser_user_pe_customuser_id_permission_7a7debf6_uniq; Type: CONSTRAINT; Schema: public; Owner: django_user
--

ALTER TABLE ONLY public.users_customuser_user_permissions
    ADD CONSTRAINT users_customuser_user_pe_customuser_id_permission_7a7debf6_uniq UNIQUE (customuser_id, permission_id);


--
-- TOC entry 2971 (class 2606 OID 16475)
-- Name: users_customuser_user_permissions users_customuser_user_permissions_pkey; Type: CONSTRAINT; Schema: public; Owner: django_user
--

ALTER TABLE ONLY public.users_customuser_user_permissions
    ADD CONSTRAINT users_customuser_user_permissions_pkey PRIMARY KEY (id);


--
-- TOC entry 2995 (class 1259 OID 16603)
-- Name: applications_applications_inn_payer_id_5b8105bd; Type: INDEX; Schema: public; Owner: django_user
--

CREATE INDEX applications_applications_inn_payer_id_5b8105bd ON public.applications_applications USING btree (inn_payer_id);


--
-- TOC entry 2996 (class 1259 OID 16604)
-- Name: applications_applications_inn_recipient_id_4fc50cda; Type: INDEX; Schema: public; Owner: django_user
--

CREATE INDEX applications_applications_inn_recipient_id_4fc50cda ON public.applications_applications USING btree (inn_recipient_id);


--
-- TOC entry 2999 (class 1259 OID 16605)
-- Name: applications_applications_tg_user_id_097d81a8; Type: INDEX; Schema: public; Owner: django_user
--

CREATE INDEX applications_applications_tg_user_id_097d81a8 ON public.applications_applications USING btree (tg_user_id);


--
-- TOC entry 2989 (class 1259 OID 16586)
-- Name: applications_companiespayer_company_inn_payer_920e7e3c_like; Type: INDEX; Schema: public; Owner: django_user
--

CREATE INDEX applications_companiespayer_company_inn_payer_920e7e3c_like ON public.applications_companiespayer USING btree (company_inn_payer varchar_pattern_ops);


--
-- TOC entry 2994 (class 1259 OID 16587)
-- Name: applications_companiespayer_tg_user_id_6f9dc4f3; Type: INDEX; Schema: public; Owner: django_user
--

CREATE INDEX applications_companiespayer_tg_user_id_6f9dc4f3 ON public.applications_companiespayer USING btree (tg_user_id);


--
-- TOC entry 2983 (class 1259 OID 16579)
-- Name: applications_companiesre_company_inn_recipient_a189b02c_like; Type: INDEX; Schema: public; Owner: django_user
--

CREATE INDEX applications_companiesre_company_inn_recipient_a189b02c_like ON public.applications_companiesrecipient USING btree (company_inn_recipient varchar_pattern_ops);


--
-- TOC entry 2988 (class 1259 OID 16580)
-- Name: applications_companiesrecipient_tg_user_id_37fd47bf; Type: INDEX; Schema: public; Owner: django_user
--

CREATE INDEX applications_companiesrecipient_tg_user_id_37fd47bf ON public.applications_companiesrecipient USING btree (tg_user_id);


--
-- TOC entry 2980 (class 1259 OID 16573)
-- Name: applications_telegamusers_tg_username_7fa05522_like; Type: INDEX; Schema: public; Owner: django_user
--

CREATE INDEX applications_telegamusers_tg_username_7fa05522_like ON public.applications_telegamusers USING btree (tg_username varchar_pattern_ops);


--
-- TOC entry 2944 (class 1259 OID 16452)
-- Name: auth_group_name_a6ea08ec_like; Type: INDEX; Schema: public; Owner: django_user
--

CREATE INDEX auth_group_name_a6ea08ec_like ON public.auth_group USING btree (name varchar_pattern_ops);


--
-- TOC entry 2949 (class 1259 OID 16448)
-- Name: auth_group_permissions_group_id_b120cbf9; Type: INDEX; Schema: public; Owner: django_user
--

CREATE INDEX auth_group_permissions_group_id_b120cbf9 ON public.auth_group_permissions USING btree (group_id);


--
-- TOC entry 2952 (class 1259 OID 16449)
-- Name: auth_group_permissions_permission_id_84c5c92e; Type: INDEX; Schema: public; Owner: django_user
--

CREATE INDEX auth_group_permissions_permission_id_84c5c92e ON public.auth_group_permissions USING btree (permission_id);


--
-- TOC entry 2939 (class 1259 OID 16434)
-- Name: auth_permission_content_type_id_2f476e4b; Type: INDEX; Schema: public; Owner: django_user
--

CREATE INDEX auth_permission_content_type_id_2f476e4b ON public.auth_permission USING btree (content_type_id);


--
-- TOC entry 2972 (class 1259 OID 16526)
-- Name: django_admin_log_content_type_id_c4bce8eb; Type: INDEX; Schema: public; Owner: django_user
--

CREATE INDEX django_admin_log_content_type_id_c4bce8eb ON public.django_admin_log USING btree (content_type_id);


--
-- TOC entry 2975 (class 1259 OID 16527)
-- Name: django_admin_log_user_id_c564eba6; Type: INDEX; Schema: public; Owner: django_user
--

CREATE INDEX django_admin_log_user_id_c564eba6 ON public.django_admin_log USING btree (user_id);


--
-- TOC entry 3000 (class 1259 OID 16615)
-- Name: django_session_expire_date_a5c62663; Type: INDEX; Schema: public; Owner: django_user
--

CREATE INDEX django_session_expire_date_a5c62663 ON public.django_session USING btree (expire_date);


--
-- TOC entry 3003 (class 1259 OID 16614)
-- Name: django_session_session_key_c0390e0f_like; Type: INDEX; Schema: public; Owner: django_user
--

CREATE INDEX django_session_session_key_c0390e0f_like ON public.django_session USING btree (session_key varchar_pattern_ops);


--
-- TOC entry 2955 (class 1259 OID 16476)
-- Name: users_customuser_email_6445acef_like; Type: INDEX; Schema: public; Owner: django_user
--

CREATE INDEX users_customuser_email_6445acef_like ON public.users_customuser USING btree (email varchar_pattern_ops);


--
-- TOC entry 2960 (class 1259 OID 16489)
-- Name: users_customuser_groups_customuser_id_958147bf; Type: INDEX; Schema: public; Owner: django_user
--

CREATE INDEX users_customuser_groups_customuser_id_958147bf ON public.users_customuser_groups USING btree (customuser_id);


--
-- TOC entry 2963 (class 1259 OID 16490)
-- Name: users_customuser_groups_group_id_01390b14; Type: INDEX; Schema: public; Owner: django_user
--

CREATE INDEX users_customuser_groups_group_id_01390b14 ON public.users_customuser_groups USING btree (group_id);


--
-- TOC entry 2968 (class 1259 OID 16503)
-- Name: users_customuser_user_permissions_customuser_id_5771478b; Type: INDEX; Schema: public; Owner: django_user
--

CREATE INDEX users_customuser_user_permissions_customuser_id_5771478b ON public.users_customuser_user_permissions USING btree (customuser_id);


--
-- TOC entry 2969 (class 1259 OID 16504)
-- Name: users_customuser_user_permissions_permission_id_baaa2f74; Type: INDEX; Schema: public; Owner: django_user
--

CREATE INDEX users_customuser_user_permissions_permission_id_baaa2f74 ON public.users_customuser_user_permissions USING btree (permission_id);


--
-- TOC entry 3015 (class 2606 OID 16588)
-- Name: applications_applications applications_applica_inn_payer_id_5b8105bd_fk_applicati; Type: FK CONSTRAINT; Schema: public; Owner: django_user
--

ALTER TABLE ONLY public.applications_applications
    ADD CONSTRAINT applications_applica_inn_payer_id_5b8105bd_fk_applicati FOREIGN KEY (inn_payer_id) REFERENCES public.applications_companiespayer(id) DEFERRABLE INITIALLY DEFERRED;


--
-- TOC entry 3016 (class 2606 OID 16593)
-- Name: applications_applications applications_applica_inn_recipient_id_4fc50cda_fk_applicati; Type: FK CONSTRAINT; Schema: public; Owner: django_user
--

ALTER TABLE ONLY public.applications_applications
    ADD CONSTRAINT applications_applica_inn_recipient_id_4fc50cda_fk_applicati FOREIGN KEY (inn_recipient_id) REFERENCES public.applications_companiesrecipient(id) DEFERRABLE INITIALLY DEFERRED;


--
-- TOC entry 3017 (class 2606 OID 16598)
-- Name: applications_applications applications_applica_tg_user_id_097d81a8_fk_applicati; Type: FK CONSTRAINT; Schema: public; Owner: django_user
--

ALTER TABLE ONLY public.applications_applications
    ADD CONSTRAINT applications_applica_tg_user_id_097d81a8_fk_applicati FOREIGN KEY (tg_user_id) REFERENCES public.applications_telegamusers(id) DEFERRABLE INITIALLY DEFERRED;


--
-- TOC entry 3013 (class 2606 OID 16574)
-- Name: applications_companiesrecipient applications_compani_tg_user_id_37fd47bf_fk_applicati; Type: FK CONSTRAINT; Schema: public; Owner: django_user
--

ALTER TABLE ONLY public.applications_companiesrecipient
    ADD CONSTRAINT applications_compani_tg_user_id_37fd47bf_fk_applicati FOREIGN KEY (tg_user_id) REFERENCES public.applications_telegamusers(id) DEFERRABLE INITIALLY DEFERRED;


--
-- TOC entry 3014 (class 2606 OID 16581)
-- Name: applications_companiespayer applications_compani_tg_user_id_6f9dc4f3_fk_applicati; Type: FK CONSTRAINT; Schema: public; Owner: django_user
--

ALTER TABLE ONLY public.applications_companiespayer
    ADD CONSTRAINT applications_compani_tg_user_id_6f9dc4f3_fk_applicati FOREIGN KEY (tg_user_id) REFERENCES public.applications_telegamusers(id) DEFERRABLE INITIALLY DEFERRED;


--
-- TOC entry 3006 (class 2606 OID 16443)
-- Name: auth_group_permissions auth_group_permissio_permission_id_84c5c92e_fk_auth_perm; Type: FK CONSTRAINT; Schema: public; Owner: django_user
--

ALTER TABLE ONLY public.auth_group_permissions
    ADD CONSTRAINT auth_group_permissio_permission_id_84c5c92e_fk_auth_perm FOREIGN KEY (permission_id) REFERENCES public.auth_permission(id) DEFERRABLE INITIALLY DEFERRED;


--
-- TOC entry 3005 (class 2606 OID 16438)
-- Name: auth_group_permissions auth_group_permissions_group_id_b120cbf9_fk_auth_group_id; Type: FK CONSTRAINT; Schema: public; Owner: django_user
--

ALTER TABLE ONLY public.auth_group_permissions
    ADD CONSTRAINT auth_group_permissions_group_id_b120cbf9_fk_auth_group_id FOREIGN KEY (group_id) REFERENCES public.auth_group(id) DEFERRABLE INITIALLY DEFERRED;


--
-- TOC entry 3004 (class 2606 OID 16429)
-- Name: auth_permission auth_permission_content_type_id_2f476e4b_fk_django_co; Type: FK CONSTRAINT; Schema: public; Owner: django_user
--

ALTER TABLE ONLY public.auth_permission
    ADD CONSTRAINT auth_permission_content_type_id_2f476e4b_fk_django_co FOREIGN KEY (content_type_id) REFERENCES public.django_content_type(id) DEFERRABLE INITIALLY DEFERRED;


--
-- TOC entry 3011 (class 2606 OID 16516)
-- Name: django_admin_log django_admin_log_content_type_id_c4bce8eb_fk_django_co; Type: FK CONSTRAINT; Schema: public; Owner: django_user
--

ALTER TABLE ONLY public.django_admin_log
    ADD CONSTRAINT django_admin_log_content_type_id_c4bce8eb_fk_django_co FOREIGN KEY (content_type_id) REFERENCES public.django_content_type(id) DEFERRABLE INITIALLY DEFERRED;


--
-- TOC entry 3012 (class 2606 OID 16521)
-- Name: django_admin_log django_admin_log_user_id_c564eba6_fk_users_customuser_id; Type: FK CONSTRAINT; Schema: public; Owner: django_user
--

ALTER TABLE ONLY public.django_admin_log
    ADD CONSTRAINT django_admin_log_user_id_c564eba6_fk_users_customuser_id FOREIGN KEY (user_id) REFERENCES public.users_customuser(id) DEFERRABLE INITIALLY DEFERRED;


--
-- TOC entry 3007 (class 2606 OID 16479)
-- Name: users_customuser_groups users_customuser_gro_customuser_id_958147bf_fk_users_cus; Type: FK CONSTRAINT; Schema: public; Owner: django_user
--

ALTER TABLE ONLY public.users_customuser_groups
    ADD CONSTRAINT users_customuser_gro_customuser_id_958147bf_fk_users_cus FOREIGN KEY (customuser_id) REFERENCES public.users_customuser(id) DEFERRABLE INITIALLY DEFERRED;


--
-- TOC entry 3008 (class 2606 OID 16484)
-- Name: users_customuser_groups users_customuser_groups_group_id_01390b14_fk_auth_group_id; Type: FK CONSTRAINT; Schema: public; Owner: django_user
--

ALTER TABLE ONLY public.users_customuser_groups
    ADD CONSTRAINT users_customuser_groups_group_id_01390b14_fk_auth_group_id FOREIGN KEY (group_id) REFERENCES public.auth_group(id) DEFERRABLE INITIALLY DEFERRED;


--
-- TOC entry 3009 (class 2606 OID 16493)
-- Name: users_customuser_user_permissions users_customuser_use_customuser_id_5771478b_fk_users_cus; Type: FK CONSTRAINT; Schema: public; Owner: django_user
--

ALTER TABLE ONLY public.users_customuser_user_permissions
    ADD CONSTRAINT users_customuser_use_customuser_id_5771478b_fk_users_cus FOREIGN KEY (customuser_id) REFERENCES public.users_customuser(id) DEFERRABLE INITIALLY DEFERRED;


--
-- TOC entry 3010 (class 2606 OID 16498)
-- Name: users_customuser_user_permissions users_customuser_use_permission_id_baaa2f74_fk_auth_perm; Type: FK CONSTRAINT; Schema: public; Owner: django_user
--

ALTER TABLE ONLY public.users_customuser_user_permissions
    ADD CONSTRAINT users_customuser_use_permission_id_baaa2f74_fk_auth_perm FOREIGN KEY (permission_id) REFERENCES public.auth_permission(id) DEFERRABLE INITIALLY DEFERRED;


--
-- TOC entry 3180 (class 0 OID 0)
-- Dependencies: 225
-- Name: TABLE applications_applications; Type: ACL; Schema: public; Owner: django_user
--

GRANT SELECT ON TABLE public.applications_applications TO wiseadvice;


--
-- TOC entry 3181 (class 0 OID 0)
-- Dependencies: 223
-- Name: TABLE applications_companiespayer; Type: ACL; Schema: public; Owner: django_user
--

GRANT SELECT ON TABLE public.applications_companiespayer TO wiseadvice;


--
-- TOC entry 3182 (class 0 OID 0)
-- Dependencies: 221
-- Name: TABLE applications_companiesrecipient; Type: ACL; Schema: public; Owner: django_user
--

GRANT SELECT ON TABLE public.applications_companiesrecipient TO wiseadvice;


--
-- TOC entry 3183 (class 0 OID 0)
-- Dependencies: 219
-- Name: TABLE applications_telegamusers; Type: ACL; Schema: public; Owner: django_user
--

GRANT SELECT ON TABLE public.applications_telegamusers TO wiseadvice;


--
-- TOC entry 3184 (class 0 OID 0)
-- Dependencies: 207
-- Name: TABLE auth_group; Type: ACL; Schema: public; Owner: django_user
--

GRANT SELECT ON TABLE public.auth_group TO wiseadvice;


--
-- TOC entry 3185 (class 0 OID 0)
-- Dependencies: 209
-- Name: TABLE auth_group_permissions; Type: ACL; Schema: public; Owner: django_user
--

GRANT SELECT ON TABLE public.auth_group_permissions TO wiseadvice;


--
-- TOC entry 3186 (class 0 OID 0)
-- Dependencies: 205
-- Name: TABLE auth_permission; Type: ACL; Schema: public; Owner: django_user
--

GRANT SELECT ON TABLE public.auth_permission TO wiseadvice;


--
-- TOC entry 3187 (class 0 OID 0)
-- Dependencies: 217
-- Name: TABLE django_admin_log; Type: ACL; Schema: public; Owner: django_user
--

GRANT SELECT ON TABLE public.django_admin_log TO wiseadvice;


--
-- TOC entry 3188 (class 0 OID 0)
-- Dependencies: 203
-- Name: TABLE django_content_type; Type: ACL; Schema: public; Owner: django_user
--

GRANT SELECT ON TABLE public.django_content_type TO wiseadvice;


--
-- TOC entry 3189 (class 0 OID 0)
-- Dependencies: 201
-- Name: TABLE django_migrations; Type: ACL; Schema: public; Owner: django_user
--

GRANT SELECT ON TABLE public.django_migrations TO wiseadvice;


--
-- TOC entry 3190 (class 0 OID 0)
-- Dependencies: 226
-- Name: TABLE django_session; Type: ACL; Schema: public; Owner: django_user
--

GRANT SELECT ON TABLE public.django_session TO wiseadvice;


--
-- TOC entry 3191 (class 0 OID 0)
-- Dependencies: 211
-- Name: TABLE users_customuser; Type: ACL; Schema: public; Owner: django_user
--

GRANT SELECT ON TABLE public.users_customuser TO wiseadvice;


--
-- TOC entry 3192 (class 0 OID 0)
-- Dependencies: 213
-- Name: TABLE users_customuser_groups; Type: ACL; Schema: public; Owner: django_user
--

GRANT SELECT ON TABLE public.users_customuser_groups TO wiseadvice;


--
-- TOC entry 3193 (class 0 OID 0)
-- Dependencies: 215
-- Name: TABLE users_customuser_user_permissions; Type: ACL; Schema: public; Owner: django_user
--

GRANT SELECT ON TABLE public.users_customuser_user_permissions TO wiseadvice;


-- Completed on 2024-11-23 12:49:30 UTC

--
-- PostgreSQL database dump complete
--

